[2026-07-06 16:43:14] local.ERROR: SQLSTATE[HY000] [1049] Unknown database 'waste_point' (Connection: mysql, Host: 127.0.0.1, Port: 3306, Database: waste_point, SQL: select exists (select 1 from information_schema.tables where table_schema = schema() and table_name = 'migrations' and table_type in ('BASE TABLE', 'SYSTEM VERSIONED')) as `exists`) {"exception":"[object] (Illuminate\\Database\\QueryException(code: 1049): SQLSTATE[HY000] [1049] Unknown database 'waste_point' (Connection: mysql, Host: 127.0.0.1, Port: 3306, Database: waste_point, SQL: select exists (select 1 from information_schema.tables where table_schema = schema() and table_name = 'migrations' and table_type in ('BASE TABLE', 'SYSTEM VERSIONED')) as `exists`) at C:/Users/NoxxalsGod/Documents/Pemograman Website/pengelolaan-sampah-menumpuk/vendor/laravel/framework/src/Illuminate/Database/Connection.php:838)
[stacktrace]
#0 C:/Users/NoxxalsGod/Documents/Pemograman Website/pengelolaan-sampah-menumpuk/vendor/laravel/framework/src/Illuminate/Database/Connection.php(794): Illuminate/Database/Connection->runQueryCallback()
#1 C:/Users/NoxxalsGod/Documents/Pemograman Website/pengelolaan-sampah-menumpuk/vendor/laravel/framework/src/Illuminate/Database/Connection.php(411): Illuminate/Database/Connection->run()
#2 C:/Users/NoxxalsGod/Documents/Pemograman Website/pengelolaan-sampah-menumpuk/vendor/laravel/framework/src/Illuminate/Database/Connection.php(357): Illuminate/Database/Connection->select()
#3 C:/Users/NoxxalsGod/Documents/Pemograman Website/pengelolaan-sampah-menumpuk/vendor/laravel/framework/src/Illuminate/Database/Connection.php(374): Illuminate/Database/Connection->selectOne()
#4 C:/Users/NoxxalsGod/Documents/Pemograman Website/pengelolaan-sampah-menumpuk/vendor/laravel/framework/src/Illuminate/Database/Schema/Builder.php(176): Illuminate/Database/Connection->scalar()
#5 C:/Users/NoxxalsGod/Documents/Pemograman Website/pengelolaan-sampah-menumpuk/vendor/laravel/framework/src/Illuminate/Database/Migrations/DatabaseMigrationRepository.php(185): Illuminate/Database/Schema/Builder->hasTable()
#6 C:/Users/NoxxalsGod/Documents/Pemograman Website/pengelolaan-sampah-menumpuk/vendor/laravel/framework/src/Illuminate/Database/Migrations/Migrator.php(758): Illuminate/Database/Migrations/DatabaseMigrationRepository->repositoryExists()
#7 C:/Users/NoxxalsGod/Documents/Pemograman Website/pengelolaan-sampah-menumpuk/vendor/laravel/framework/src/Illuminate/Database/Console/Migrations/MigrateCommand.php(164): Illuminate/Database/Migrations/Migrator->repositoryExists()
#8 C:/Users/NoxxalsGod/Documents/Pemograman Website/pengelolaan-sampah-menumpuk/vendor/laravel/framework/src/Illuminate/Support/helpers.php(328): Illuminate/Database/Console/Migrations/MigrateCommand->{closure:Illuminate/Database/Console/Migrations/MigrateCommand::repositoryExists():164}()
#9 C:/Users/NoxxalsGod/Documents/Pemograman Website/pengelolaan-sampah-menumpuk/vendor/laravel/framework/src/Illuminate/Database/Console/Migrations/MigrateCommand.php(164): retry()
#10 C:/Users/NoxxalsGod/Documents/Pemograman Website/pengelolaan-sampah-menumpuk/vendor/laravel/framework/src/Illuminate/Database/Console/Migrations/MigrateCommand.php(140): Illuminate/Database/Console/Migrations/MigrateCommand->repositoryExists()
#11 C:/Users/NoxxalsGod/Documents/Pemograman Website/pengelolaan-sampah-menumpuk/vendor/laravel/framework/src/Illuminate/Database/Console/Migrations/MigrateCommand.php(110): Illuminate/Database/Console/Migrations/MigrateCommand->prepareDatabase()
#12 C:/Users/NoxxalsGod/Documents/Pemograman Website/pengelolaan-sampah-menumpuk/vendor/laravel/framework/src/Illuminate/Database/Migrations/Migrator.php(671): Illuminate/Database/Console/Migrations/MigrateCommand->{closure:Illuminate/Database/Console/Migrations/MigrateCommand::runMigrations():109}()
#13 C:/Users/NoxxalsGod/Documents/Pemograman Website/pengelolaan-sampah-menumpuk/vendor/laravel/framework/src/Illuminate/Database/Console/Migrations/MigrateCommand.php(109): Illuminate/Database/Migrations/Migrator->usingConnection()
#14 C:/Users/NoxxalsGod/Documents/Pemograman Website/pengelolaan-sampah-menumpuk/vendor/laravel/framework/src/Illuminate/Database/Console/Migrations/MigrateCommand.php(88): Illuminate/Database/Console/Migrations/MigrateCommand->runMigrations()
#15 C:/Users/NoxxalsGod/Documents/Pemograman Website/pengelolaan-sampah-menumpuk/vendor/laravel/framework/src/Illuminate/Container/BoundMethod.php(36): Illuminate/Database/Console/Migrations/MigrateCommand->handle()
#16 C:/Users/NoxxalsGod/Documents/Pemograman Website/pengelolaan-sampah-menumpuk/vendor/laravel/framework/src/Illuminate/Container/Util.php(43): Illuminate/Container/BoundMethod::{closure:Illuminate/Container/BoundMethod::call():35}()
#17 C:/Users/NoxxalsGod/Documents/Pemograman Website/pengelolaan-sampah-menumpuk/vendor/laravel/framework/src/Illuminate/Container/BoundMethod.php(96): Illuminate/Container/Util::unwrapIfClosure()
#18 C:/Users/NoxxalsGod/Documents/Pemograman Website/pengelolaan-sampah-menumpuk/vendor/laravel/framework/src/Illuminate/Container/BoundMethod.php(35): Illuminate/Container/BoundMethod::callBoundMethod()
#19 C:/Users/NoxxalsGod/Documents/Pemograman Website/pengelolaan-sampah-menumpuk/vendor/laravel/framework/src/Illuminate/Container/Container.php(799): Illuminate/Container/BoundMethod::call()
#20 C:/Users/NoxxalsGod/Documents/Pemograman Website/pengelolaan-sampah-menumpuk/vendor/laravel/framework/src/Illuminate/Console/Command.php(211): Illuminate/Container/Container->call()
#21 C:/Users/NoxxalsGod/Documents/Pemograman Website/pengelolaan-sampah-menumpuk/vendor/symfony/console/Command/Command.php(341): Illuminate/Console/Command->execute()
#22 C:/Users/NoxxalsGod/Documents/Pemograman Website/pengelolaan-sampah-menumpuk/vendor/laravel/framework/src/Illuminate/Console/Command.php(180): Symfony/Component/Console/Command/Command->run()
#23 C:/Users/NoxxalsGod/Documents/Pemograman Website/pengelolaan-sampah-menumpuk/vendor/symfony/console/Application.php(1117): Illuminate/Console/Command->run()
#24 C:/Users/NoxxalsGod/Documents/Pemograman Website/pengelolaan-sampah-menumpuk/vendor/symfony/console/Application.php(356): Symfony/Component/Console/Application->doRunCommand()
#25 C:/Users/NoxxalsGod/Documents/Pemograman Website/pengelolaan-sampah-menumpuk/vendor/symfony/console/Application.php(195): Symfony/Component/Console/Application->doRun()
#26 C:/Users/NoxxalsGod/Documents/Pemograman Website/pengelolaan-sampah-menumpuk/vendor/laravel/framework/src/Illuminate/Foundation/Console/Kernel.php(198): Symfony/Component/Console/Application->run()
#27 C:/Users/NoxxalsGod/Documents/Pemograman Website/pengelolaan-sampah-menumpuk/artisan(35): Illuminate/Foundation/Console/Kernel->handle()
#28 {main}

[previous exception] [object] (PDOException(code: 1049): SQLSTATE[HY000] [1049] Unknown database 'waste_point' at C:/Users/NoxxalsGod/Documents/Pemograman Website/pengelolaan-sampah-menumpuk/vendor/laravel/framework/src/Illuminate/Database/Connectors/Connector.php:67)
[stacktrace]
#0 C:/Users/NoxxalsGod/Documents/Pemograman Website/pengelolaan-sampah-menumpuk/vendor/laravel/framework/src/Illuminate/Database/Connectors/Connector.php(67): PDO::connect()
#1 C:/Users/NoxxalsGod/Documents/Pemograman Website/pengelolaan-sampah-menumpuk/vendor/laravel/framework/src/Illuminate/Database/Connectors/Connector.php(44): Illuminate/Database/Connectors/Connector->createPdoConnection()
#2 C:/Users/NoxxalsGod/Documents/Pemograman Website/pengelolaan-sampah-menumpuk/vendor/laravel/framework/src/Illuminate/Database/Connectors/MySqlConnector.php(24): Illuminate/Database/Connectors/Connector->createConnection()
#3 C:/Users/NoxxalsGod/Documents/Pemograman Website/pengelolaan-sampah-menumpuk/vendor/laravel/framework/src/Illuminate/Database/Connectors/ConnectionFactory.php(186): Illuminate/Database/Connectors/MySqlConnector->connect()
#4 [internal function]: Illuminate/Database/Connectors/ConnectionFactory->{closure:Illuminate/Database/Connectors/ConnectionFactory::createPdoResolverWithHosts():181}()
#5 C:/Users/NoxxalsGod/Documents/Pemograman Website/pengelolaan-sampah-menumpuk/vendor/laravel/framework/src/Illuminate/Database/Connection.php(1257): call_user_func()
#6 C:/Users/NoxxalsGod/Documents/Pemograman Website/pengelolaan-sampah-menumpuk/vendor/laravel/framework/src/Illuminate/Database/Connection.php(1295): Illuminate/Database/Connection->getPdo()
#7 C:/Users/NoxxalsGod/Documents/Pemograman Website/pengelolaan-sampah-menumpuk/vendor/laravel/framework/src/Illuminate/Database/Connection.php(525): Illuminate/Database/Connection->getReadPdo()
#8 C:/Users/NoxxalsGod/Documents/Pemograman Website/pengelolaan-sampah-menumpuk/vendor/laravel/framework/src/Illuminate/Database/Connection.php(420): Illuminate/Database/Connection->getPdoForSelect()
#9 C:/Users/NoxxalsGod/Documents/Pemograman Website/pengelolaan-sampah-menumpuk/vendor/laravel/framework/src/Illuminate/Database/Connection.php(827): Illuminate/Database/Connection->{closure:Illuminate/Database/Connection::select():411}()
#10 C:/Users/NoxxalsGod/Documents/Pemograman Website/pengelolaan-sampah-menumpuk/vendor/laravel/framework/src/Illuminate/Database/Connection.php(794): Illuminate/Database/Connection->runQueryCallback()
#11 C:/Users/NoxxalsGod/Documents/Pemograman Website/pengelolaan-sampah-menumpuk/vendor/laravel/framework/src/Illuminate/Database/Connection.php(411): Illuminate/Database/Connection->run()
#12 C:/Users/NoxxalsGod/Documents/Pemograman Website/pengelolaan-sampah-menumpuk/vendor/laravel/framework/src/Illuminate/Database/Connection.php(357): Illuminate/Database/Connection->select()
#13 C:/Users/NoxxalsGod/Documents/Pemograman Website/pengelolaan-sampah-menumpuk/vendor/laravel/framework/src/Illuminate/Database/Connection.php(374): Illuminate/Database/Connection->selectOne()
#14 C:/Users/NoxxalsGod/Documents/Pemograman Website/pengelolaan-sampah-menumpuk/vendor/laravel/framework/src/Illuminate/Database/Schema/Builder.php(176): Illuminate/Database/Connection->scalar()
#15 C:/Users/NoxxalsGod/Documents/Pemograman Website/pengelolaan-sampah-menumpuk/vendor/laravel/framework/src/Illuminate/Database/Migrations/DatabaseMigrationRepository.php(185): Illuminate/Database/Schema/Builder->hasTable()
#16 C:/Users/NoxxalsGod/Documents/Pemograman Website/pengelolaan-sampah-menumpuk/vendor/laravel/framework/src/Illuminate/Database/Migrations/Migrator.php(758): Illuminate/Database/Migrations/DatabaseMigrationRepository->repositoryExists()
#17 C:/Users/NoxxalsGod/Documents/Pemograman Website/pengelolaan-sampah-menumpuk/vendor/laravel/framework/src/Illuminate/Database/Console/Migrations/MigrateCommand.php(164): Illuminate/Database/Migrations/Migrator->repositoryExists()
#18 C:/Users/NoxxalsGod/Documents/Pemograman Website/pengelolaan-sampah-menumpuk/vendor/laravel/framework/src/Illuminate/Support/helpers.php(328): Illuminate/Database/Console/Migrations/MigrateCommand->{closure:Illuminate/Database/Console/Migrations/MigrateCommand::repositoryExists():164}()
#19 C:/Users/NoxxalsGod/Documents/Pemograman Website/pengelolaan-sampah-menumpuk/vendor/laravel/framework/src/Illuminate/Database/Console/Migrations/MigrateCommand.php(164): retry()
#20 C:/Users/NoxxalsGod/Documents/Pemograman Website/pengelolaan-sampah-menumpuk/vendor/laravel/framework/src/Illuminate/Database/Console/Migrations/MigrateCommand.php(140): Illuminate/Database/Console/Migrations/MigrateCommand->repositoryExists()
#21 C:/Users/NoxxalsGod/Documents/Pemograman Website/pengelolaan-sampah-menumpuk/vendor/laravel/framework/src/Illuminate/Database/Console/Migrations/MigrateCommand.php(110): Illuminate/Database/Console/Migrations/MigrateCommand->prepareDatabase()
#22 C:/Users/NoxxalsGod/Documents/Pemograman Website/pengelolaan-sampah-menumpuk/vendor/laravel/framework/src/Illuminate/Database/Migrations/Migrator.php(671): Illuminate/Database/Console/Migrations/MigrateCommand->{closure:Illuminate/Database/Console/Migrations/MigrateCommand::runMigrations():109}()
#23 C:/Users/NoxxalsGod/Documents/Pemograman Website/pengelolaan-sampah-menumpuk/vendor/laravel/framework/src/Illuminate/Database/Console/Migrations/MigrateCommand.php(109): Illuminate/Database/Migrations/Migrator->usingConnection()
#24 C:/Users/NoxxalsGod/Documents/Pemograman Website/pengelolaan-sampah-menumpuk/vendor/laravel/framework/src/Illuminate/Database/Console/Migrations/MigrateCommand.php(88): Illuminate/Database/Console/Migrations/MigrateCommand->runMigrations()
#25 C:/Users/NoxxalsGod/Documents/Pemograman Website/pengelolaan-sampah-menumpuk/vendor/laravel/framework/src/Illuminate/Container/BoundMethod.php(36): Illuminate/Database/Console/Migrations/MigrateCommand->handle()
#26 C:/Users/NoxxalsGod/Documents/Pemograman Website/pengelolaan-sampah-menumpuk/vendor/laravel/framework/src/Illuminate/Container/Util.php(43): Illuminate/Container/BoundMethod::{closure:Illuminate/Container/BoundMethod::call():35}()
#27 C:/Users/NoxxalsGod/Documents/Pemograman Website/pengelolaan-sampah-menumpuk/vendor/laravel/framework/src/Illuminate/Container/BoundMethod.php(96): Illuminate/Container/Util::unwrapIfClosure()
#28 C:/Users/NoxxalsGod/Documents/Pemograman Website/pengelolaan-sampah-menumpuk/vendor/laravel/framework/src/Illuminate/Container/BoundMethod.php(35): Illuminate/Container/BoundMethod::callBoundMethod()
#29 C:/Users/NoxxalsGod/Documents/Pemograman Website/pengelolaan-sampah-menumpuk/vendor/laravel/framework/src/Illuminate/Container/Container.php(799): Illuminate/Container/BoundMethod::call()
#30 C:/Users/NoxxalsGod/Documents/Pemograman Website/pengelolaan-sampah-menumpuk/vendor/laravel/framework/src/Illuminate/Console/Command.php(211): Illuminate/Container/Container->call()
#31 C:/Users/NoxxalsGod/Documents/Pemograman Website/pengelolaan-sampah-menumpuk/vendor/symfony/console/Command/Command.php(341): Illuminate/Console/Command->execute()
#32 C:/Users/NoxxalsGod/Documents/Pemograman Website/pengelolaan-sampah-menumpuk/vendor/laravel/framework/src/Illuminate/Console/Command.php(180): Symfony/Component/Console/Command/Command->run()
#33 C:/Users/NoxxalsGod/Documents/Pemograman Website/pengelolaan-sampah-menumpuk/vendor/symfony/console/Application.php(1117): Illuminate/Console/Command->run()
#34 C:/Users/NoxxalsGod/Documents/Pemograman Website/pengelolaan-sampah-menumpuk/vendor/symfony/console/Application.php(356): Symfony/Component/Console/Application->doRunCommand()
#35 C:/Users/NoxxalsGod/Documents/Pemograman Website/pengelolaan-sampah-menumpuk/vendor/symfony/console/Application.php(195): Symfony/Component/Console/Application->doRun()
#36 C:/Users/NoxxalsGod/Documents/Pemograman Website/pengelolaan-sampah-menumpuk/vendor/laravel/framework/src/Illuminate/Foundation/Console/Kernel.php(198): Symfony/Component/Console/Application->run()
#37 C:/Users/NoxxalsGod/Documents/Pemograman Website/pengelolaan-sampah-menumpuk/artisan(35): Illuminate/Foundation/Console/Kernel->handle()
#38 {main}
"} 
[2026-07-07 19:13:03] local.ERROR: SQLSTATE[HY000] [2002] No connection could be made because the target machine actively refused it (Connection: mysql, Host: 127.0.0.1, Port: 3306, Database: database-sampah, SQL: select * from `products`) {"exception":"[object] (Illuminate\\Database\\QueryException(code: 2002): SQLSTATE[HY000] [2002] No connection could be made because the target machine actively refused it (Connection: mysql, Host: 127.0.0.1, Port: 3306, Database: database-sampah, SQL: select * from `products`) at C:/Users/NoxxalsGod/Documents/Pemograman Website/pengelolaan-sampah-menumpuk/vendor/laravel/framework/src/Illuminate/Database/Connection.php:838)
[stacktrace]
#0 C:/Users/NoxxalsGod/Documents/Pemograman Website/pengelolaan-sampah-menumpuk/vendor/laravel/framework/src/Illuminate/Database/Connection.php(999): Illuminate/Database/Connection->runQueryCallback()
#1 C:/Users/NoxxalsGod/Documents/Pemograman Website/pengelolaan-sampah-menumpuk/vendor/laravel/framework/src/Illuminate/Database/Connection.php(978): Illuminate/Database/Connection->tryAgainIfCausedByLostConnection()
#2 C:/Users/NoxxalsGod/Documents/Pemograman Website/pengelolaan-sampah-menumpuk/vendor/laravel/framework/src/Illuminate/Database/Connection.php(796): Illuminate/Database/Connection->handleQueryException()
#3 C:/Users/NoxxalsGod/Documents/Pemograman Website/pengelolaan-sampah-menumpuk/vendor/laravel/framework/src/Illuminate/Database/Connection.php(411): Illuminate/Database/Connection->run()
#4 C:/Users/NoxxalsGod/Documents/Pemograman Website/pengelolaan-sampah-menumpuk/vendor/laravel/framework/src/Illuminate/Database/Query/Builder.php(3505): Illuminate/Database/Connection->select()
#5 C:/Users/NoxxalsGod/Documents/Pemograman Website/pengelolaan-sampah-menumpuk/vendor/laravel/framework/src/Illuminate/Database/Query/Builder.php(3490): Illuminate/Database/Query/Builder->runSelect()
#6 C:/Users/NoxxalsGod/Documents/Pemograman Website/pengelolaan-sampah-menumpuk/vendor/laravel/framework/src/Illuminate/Database/Query/Builder.php(4080): Illuminate/Database/Query/Builder->{closure:Illuminate/Database/Query/Builder::get():3489}()
#7 C:/Users/NoxxalsGod/Documents/Pemograman Website/pengelolaan-sampah-menumpuk/vendor/laravel/framework/src/Illuminate/Database/Query/Builder.php(3489): Illuminate/Database/Query/Builder->onceWithColumns()
#8 C:/Users/NoxxalsGod/Documents/Pemograman Website/pengelolaan-sampah-menumpuk/vendor/laravel/framework/src/Illuminate/Database/Eloquent/Builder.php(902): Illuminate/Database/Query/Builder->get()
#9 C:/Users/NoxxalsGod/Documents/Pemograman Website/pengelolaan-sampah-menumpuk/vendor/laravel/framework/src/Illuminate/Database/Eloquent/Builder.php(884): Illuminate/Database/Eloquent/Builder->getModels()
#10 C:/Users/NoxxalsGod/Documents/Pemograman Website/pengelolaan-sampah-menumpuk/vendor/laravel/framework/src/Illuminate/Database/Eloquent/Model.php(770): Illuminate/Database/Eloquent/Builder->get()
#11 C:/Users/NoxxalsGod/Documents/Pemograman Website/pengelolaan-sampah-menumpuk/app/Http/Controllers/HomeController.php(15): Illuminate/Database/Eloquent/Model::all()
#12 C:/Users/NoxxalsGod/Documents/Pemograman Website/pengelolaan-sampah-menumpuk/vendor/laravel/framework/src/Illuminate/Routing/Controller.php(54): App/Http/Controllers/HomeController->index()
#13 C:/Users/NoxxalsGod/Documents/Pemograman Website/pengelolaan-sampah-menumpuk/vendor/laravel/framework/src/Illuminate/Routing/ControllerDispatcher.php(43): Illuminate/Routing/Controller->callAction()
#14 C:/Users/NoxxalsGod/Documents/Pemograman Website/pengelolaan-sampah-menumpuk/vendor/laravel/framework/src/Illuminate/Routing/Route.php(265): Illuminate/Routing/ControllerDispatcher->dispatch()
#15 C:/Users/NoxxalsGod/Documents/Pemograman Website/pengelolaan-sampah-menumpuk/vendor/laravel/framework/src/Illuminate/Routing/Route.php(211): Illuminate/Routing/Route->runController()
#16 C:/Users/NoxxalsGod/Documents/Pemograman Website/pengelolaan-sampah-menumpuk/vendor/laravel/framework/src/Illuminate/Routing/Router.php(822): Illuminate/Routing/Route->run()
#17 C:/Users/NoxxalsGod/Documents/Pemograman Website/pengelolaan-sampah-menumpuk/vendor/laravel/framework/src/Illuminate/Pipeline/Pipeline.php(180): Illuminate/Routing/Router->{closure:Illuminate/Routing/Router::runRouteWithinStack():821}()
#18 C:/Users/NoxxalsGod/Documents/Pemograman Website/pengelolaan-sampah-menumpuk/vendor/laravel/framework/src/Illuminate/Routing/Middleware/SubstituteBindings.php(50): Illuminate/Pipeline/Pipeline->{closure:Illuminate/Pipeline/Pipeline::prepareDestination():178}()
#19 C:/Users/NoxxalsGod/Documents/Pemograman Website/pengelolaan-sampah-menumpuk/vendor/laravel/framework/src/Illuminate/Pipeline/Pipeline.php(219): Illuminate/Routing/Middleware/SubstituteBindings->handle()
#20 C:/Users/NoxxalsGod/Documents/Pemograman Website/pengelolaan-sampah-menumpuk/vendor/laravel/framework/src/Illuminate/Foundation/Http/Middleware/VerifyCsrfToken.php(87): Illuminate/Pipeline/Pipeline->{closure:{closure:Illuminate/Pipeline/Pipeline::carry():194}:195}()
#21 C:/Users/NoxxalsGod/Documents/Pemograman Website/pengelolaan-sampah-menumpuk/vendor/laravel/framework/src/Illuminate/Pipeline/Pipeline.php(219): Illuminate/Foundation/Http/Middleware/VerifyCsrfToken->handle()
#22 C:/Users/NoxxalsGod/Documents/Pemograman Website/pengelolaan-sampah-menumpuk/vendor/laravel/framework/src/Illuminate/View/Middleware/ShareErrorsFromSession.php(48): Illuminate/Pipeline/Pipeline->{closure:{closure:Illuminate/Pipeline/Pipeline::carry():194}:195}()
#23 C:/Users/NoxxalsGod/Documents/Pemograman Website/pengelolaan-sampah-menumpuk/vendor/laravel/framework/src/Illuminate/Pipeline/Pipeline.php(219): Illuminate/View/Middleware/ShareErrorsFromSession->handle()
#24 C:/Users/NoxxalsGod/Documents/Pemograman Website/pengelolaan-sampah-menumpuk/vendor/laravel/framework/src/Illuminate/Session/Middleware/StartSession.php(120): Illuminate/Pipeline/Pipeline->{closure:{closure:Illuminate/Pipeline/Pipeline::carry():194}:195}()
#25 C:/Users/NoxxalsGod/Documents/Pemograman Website/pengelolaan-sampah-menumpuk/vendor/laravel/framework/src/Illuminate/Session/Middleware/StartSession.php(63): Illuminate/Session/Middleware/StartSession->handleStatefulRequest()
#26 C:/Users/NoxxalsGod/Documents/Pemograman Website/pengelolaan-sampah-menumpuk/vendor/laravel/framework/src/Illuminate/Pipeline/Pipeline.php(219): Illuminate/Session/Middleware/StartSession->handle()
#27 C:/Users/NoxxalsGod/Documents/Pemograman Website/pengelolaan-sampah-menumpuk/vendor/laravel/framework/src/Illuminate/Cookie/Middleware/AddQueuedCookiesToResponse.php(36): Illuminate/Pipeline/Pipeline->{closure:{closure:Illuminate/Pipeline/Pipeline::carry():194}:195}()
#28 C:/Users/NoxxalsGod/Documents/Pemograman Website/pengelolaan-sampah-menumpuk/vendor/laravel/framework/src/Illuminate/Pipeline/Pipeline.php(219): Illuminate/Cookie/Middleware/AddQueuedCookiesToResponse->handle()
#29 C:/Users/NoxxalsGod/Documents/Pemograman Website/pengelolaan-sampah-menumpuk/vendor/laravel/framework/src/Illuminate/Cookie/Middleware/EncryptCookies.php(74): Illuminate/Pipeline/Pipeline->{closure:{closure:Illuminate/Pipeline/Pipeline::carry():194}:195}()
#30 C:/Users/NoxxalsGod/Documents/Pemograman Website/pengelolaan-sampah-menumpuk/vendor/laravel/framework/src/Illuminate/Pipeline/Pipeline.php(219): Illuminate/Cookie/Middleware/EncryptCookies->handle()
#31 C:/Users/NoxxalsGod/Documents/Pemograman Website/pengelolaan-sampah-menumpuk/vendor/laravel/framework/src/Illuminate/Pipeline/Pipeline.php(137): Illuminate/Pipeline/Pipeline->{closure:{closure:Illuminate/Pipeline/Pipeline::carry():194}:195}()
#32 C:/Users/NoxxalsGod/Documents/Pemograman Website/pengelolaan-sampah-menumpuk/vendor/laravel/framework/src/Illuminate/Routing/Router.php(821): Illuminate/Pipeline/Pipeline->then()
#33 C:/Users/NoxxalsGod/Documents/Pemograman Website/pengelolaan-sampah-menumpuk/vendor/laravel/framework/src/Illuminate/Routing/Router.php(800): Illuminate/Routing/Router->runRouteWithinStack()
#34 C:/Users/NoxxalsGod/Documents/Pemograman Website/pengelolaan-sampah-menumpuk/vendor/laravel/framework/src/Illuminate/Routing/Router.php(764): Illuminate/Routing/Router->runRoute()
#35 C:/Users/NoxxalsGod/Documents/Pemograman Website/pengelolaan-sampah-menumpuk/vendor/laravel/framework/src/Illuminate/Routing/Router.php(753): Illuminate/Routing/Router->dispatchToRoute()
#36 C:/Users/NoxxalsGod/Documents/Pemograman Website/pengelolaan-sampah-menumpuk/vendor/laravel/framework/src/Illuminate/Foundation/Http/Kernel.php(200): Illuminate/Routing/Router->dispatch()
#37 C:/Users/NoxxalsGod/Documents/Pemograman Website/pengelolaan-sampah-menumpuk/vendor/laravel/framework/src/Illuminate/Pipeline/Pipeline.php(180): Illuminate/Foundation/Http/Kernel->{closure:Illuminate/Foundation/Http/Kernel::dispatchToRouter():197}()
#38 C:/Users/NoxxalsGod/Documents/Pemograman Website/pengelolaan-sampah-menumpuk/vendor/laravel/framework/src/Illuminate/Foundation/Http/Middleware/TransformsRequest.php(21): Illuminate/Pipeline/Pipeline->{closure:Illuminate/Pipeline/Pipeline::prepareDestination():178}()
#39 C:/Users/NoxxalsGod/Documents/Pemograman Website/pengelolaan-sampah-menumpuk/vendor/laravel/framework/src/Illuminate/Foundation/Http/Middleware/ConvertEmptyStringsToNull.php(31): Illuminate/Foundation/Http/Middleware/TransformsRequest->handle()
#40 C:/Users/NoxxalsGod/Documents/Pemograman Website/pengelolaan-sampah-menumpuk/vendor/laravel/framework/src/Illuminate/Pipeline/Pipeline.php(219): Illuminate/Foundation/Http/Middleware/ConvertEmptyStringsToNull->handle()
#41 C:/Users/NoxxalsGod/Documents/Pemograman Website/pengelolaan-sampah-menumpuk/vendor/laravel/framework/src/Illuminate/Foundation/Http/Middleware/TransformsRequest.php(21): Illuminate/Pipeline/Pipeline->{closure:{closure:Illuminate/Pipeline/Pipeline::carry():194}:195}()
#42 C:/Users/NoxxalsGod/Documents/Pemograman Website/pengelolaan-sampah-menumpuk/vendor/laravel/framework/src/Illuminate/Foundation/Http/Middleware/TrimStrings.php(51): Illuminate/Foundation/Http/Middleware/TransformsRequest->handle()
#43 C:/Users/NoxxalsGod/Documents/Pemograman Website/pengelolaan-sampah-menumpuk/vendor/laravel/framework/src/Illuminate/Pipeline/Pipeline.php(219): Illuminate/Foundation/Http/Middleware/TrimStrings->handle()
#44 C:/Users/NoxxalsGod/Documents/Pemograman Website/pengelolaan-sampah-menumpuk/vendor/laravel/framework/src/Illuminate/Http/Middleware/ValidatePostSize.php(27): Illuminate/Pipeline/Pipeline->{closure:{closure:Illuminate/Pipeline/Pipeline::carry():194}:195}()
#45 C:/Users/NoxxalsGod/Documents/Pemograman Website/pengelolaan-sampah-menumpuk/vendor/laravel/framework/src/Illuminate/Pipeline/Pipeline.php(219): Illuminate/Http/Middleware/ValidatePostSize->handle()
#46 C:/Users/NoxxalsGod/Documents/Pemograman Website/pengelolaan-sampah-menumpuk/vendor/laravel/framework/src/Illuminate/Foundation/Http/Middleware/PreventRequestsDuringMaintenance.php(109): Illuminate/Pipeline/Pipeline->{closure:{closure:Illuminate/Pipeline/Pipeline::carry():194}:195}()
#47 C:/Users/NoxxalsGod/Documents/Pemograman Website/pengelolaan-sampah-menumpuk/vendor/laravel/framework/src/Illuminate/Pipeline/Pipeline.php(219): Illuminate/Foundation/Http/Middleware/PreventRequestsDuringMaintenance->handle()
#48 C:/Users/NoxxalsGod/Documents/Pemograman Website/pengelolaan-sampah-menumpuk/vendor/laravel/framework/src/Illuminate/Http/Middleware/HandleCors.php(61): Illuminate/Pipeline/Pipeline->{closure:{closure:Illuminate/Pipeline/Pipeline::carry():194}:195}()
#49 C:/Users/NoxxalsGod/Documents/Pemograman Website/pengelolaan-sampah-menumpuk/vendor/laravel/framework/src/Illuminate/Pipeline/Pipeline.php(219): Illuminate/Http/Middleware/HandleCors->handle()
#50 C:/Users/NoxxalsGod/Documents/Pemograman Website/pengelolaan-sampah-menumpuk/vendor/laravel/framework/src/Illuminate/Http/Middleware/TrustProxies.php(58): Illuminate/Pipeline/Pipeline->{closure:{closure:Illuminate/Pipeline/Pipeline::carry():194}:195}()
#51 C:/Users/NoxxalsGod/Documents/Pemograman Website/pengelolaan-sampah-menumpuk/vendor/laravel/framework/src/Illuminate/Pipeline/Pipeline.php(219): Illuminate/Http/Middleware/TrustProxies->handle()
#52 C:/Users/NoxxalsGod/Documents/Pemograman Website/pengelolaan-sampah-menumpuk/vendor/laravel/framework/src/Illuminate/Pipeline/Pipeline.php(137): Illuminate/Pipeline/Pipeline->{closure:{closure:Illuminate/Pipeline/Pipeline::carry():194}:195}()
#53 C:/Users/NoxxalsGod/Documents/Pemograman Website/pengelolaan-sampah-menumpuk/vendor/laravel/framework/src/Illuminate/Foundation/Http/Kernel.php(175): Illuminate/Pipeline/Pipeline->then()
#54 C:/Users/NoxxalsGod/Documents/Pemograman Website/pengelolaan-sampah-menumpuk/vendor/laravel/framework/src/Illuminate/Foundation/Http/Kernel.php(144): Illuminate/Foundation/Http/Kernel->sendRequestThroughRouter()
#55 C:/Users/NoxxalsGod/Documents/Pemograman Website/pengelolaan-sampah-menumpuk/public/index.php(51): Illuminate/Foundation/Http/Kernel->handle()
#56 C:/Users/NoxxalsGod/Documents/Pemograman Website/pengelolaan-sampah-menumpuk/vendor/laravel/framework/src/Illuminate/Foundation/resources/server.php(23): require_once('...')
#57 {main}

[previous exception] [object] (PDOException(code: 2002): SQLSTATE[HY000] [2002] No connection could be made because the target machine actively refused it at C:/Users/NoxxalsGod/Documents/Pemograman Website/pengelolaan-sampah-menumpuk/vendor/laravel/framework/src/Illuminate/Database/Connectors/Connector.php:67)
[stacktrace]
#0 C:/Users/NoxxalsGod/Documents/Pemograman Website/pengelolaan-sampah-menumpuk/vendor/laravel/framework/src/Illuminate/Database/Connectors/Connector.php(67): PDO::connect()
#1 C:/Users/NoxxalsGod/Documents/Pemograman Website/pengelolaan-sampah-menumpuk/vendor/laravel/framework/src/Illuminate/Database/Connectors/Connector.php(85): Illuminate/Database/Connectors/Connector->createPdoConnection()
#2 C:/Users/NoxxalsGod/Documents/Pemograman Website/pengelolaan-sampah-menumpuk/vendor/laravel/framework/src/Illuminate/Database/Connectors/Connector.php(48): Illuminate/Database/Connectors/Connector->tryAgainIfCausedByLostConnection()
#3 C:/Users/NoxxalsGod/Documents/Pemograman Website/pengelolaan-sampah-menumpuk/vendor/laravel/framework/src/Illuminate/Database/Connectors/MySqlConnector.php(24): Illuminate/Database/Connectors/Connector->createConnection()
#4 C:/Users/NoxxalsGod/Documents/Pemograman Website/pengelolaan-sampah-menumpuk/vendor/laravel/framework/src/Illuminate/Database/Connectors/ConnectionFactory.php(186): Illuminate/Database/Connectors/MySqlConnector->connect()
#5 [internal function]: Illuminate/Database/Connectors/ConnectionFactory->{closure:Illuminate/Database/Connectors/ConnectionFactory::createPdoResolverWithHosts():181}()
#6 C:/Users/NoxxalsGod/Documents/Pemograman Website/pengelolaan-sampah-menumpuk/vendor/laravel/framework/src/Illuminate/Database/Connection.php(1257): call_user_func()
#7 C:/Users/NoxxalsGod/Documents/Pemograman Website/pengelolaan-sampah-menumpuk/vendor/laravel/framework/src/Illuminate/Database/Connection.php(1295): Illuminate/Database/Connection->getPdo()
#8 C:/Users/NoxxalsGod/Documents/Pemograman Website/pengelolaan-sampah-menumpuk/vendor/laravel/framework/src/Illuminate/Database/Connection.php(525): Illuminate/Database/Connection->getReadPdo()
#9 C:/Users/NoxxalsGod/Documents/Pemograman Website/pengelolaan-sampah-menumpuk/vendor/laravel/framework/src/Illuminate/Database/Connection.php(420): Illuminate/Database/Connection->getPdoForSelect()
#10 C:/Users/NoxxalsGod/Documents/Pemograman Website/pengelolaan-sampah-menumpuk/vendor/laravel/framework/src/Illuminate/Database/Connection.php(827): Illuminate/Database/Connection->{closure:Illuminate/Database/Connection::select():411}()
#11 C:/Users/NoxxalsGod/Documents/Pemograman Website/pengelolaan-sampah-menumpuk/vendor/laravel/framework/src/Illuminate/Database/Connection.php(999): Illuminate/Database/Connection->runQueryCallback()
#12 C:/Users/NoxxalsGod/Documents/Pemograman Website/pengelolaan-sampah-menumpuk/vendor/laravel/framework/src/Illuminate/Database/Connection.php(978): Illuminate/Database/Connection->tryAgainIfCausedByLostConnection()
#13 C:/Users/NoxxalsGod/Documents/Pemograman Website/pengelolaan-sampah-menumpuk/vendor/laravel/framework/src/Illuminate/Database/Connection.php(796): Illuminate/Database/Connection->handleQueryException()
#14 C:/Users/NoxxalsGod/Documents/Pemograman Website/pengelolaan-sampah-menumpuk/vendor/laravel/framework/src/Illuminate/Database/Connection.php(411): Illuminate/Database/Connection->run()
#15 C:/Users/NoxxalsGod/Documents/Pemograman Website/pengelolaan-sampah-menumpuk/vendor/laravel/framework/src/Illuminate/Database/Query/Builder.php(3505): Illuminate/Database/Connection->select()
#16 C:/Users/NoxxalsGod/Documents/Pemograman Website/pengelolaan-sampah-menumpuk/vendor/laravel/framework/src/Illuminate/Database/Query/Builder.php(3490): Illuminate/Database/Query/Builder->runSelect()
#17 C:/Users/NoxxalsGod/Documents/Pemograman Website/pengelolaan-sampah-menumpuk/vendor/laravel/framework/src/Illuminate/Database/Query/Builder.php(4080): Illuminate/Database/Query/Builder->{closure:Illuminate/Database/Query/Builder::get():3489}()
#18 C:/Users/NoxxalsGod/Documents/Pemograman Website/pengelolaan-sampah-menumpuk/vendor/laravel/framework/src/Illuminate/Database/Query/Builder.php(3489): Illuminate/Database/Query/Builder->onceWithColumns()
#19 C:/Users/NoxxalsGod/Documents/Pemograman Website/pengelolaan-sampah-menumpuk/vendor/laravel/framework/src/Illuminate/Database/Eloquent/Builder.php(902): Illuminate/Database/Query/Builder->get()
#20 C:/Users/NoxxalsGod/Documents/Pemograman Website/pengelolaan-sampah-menumpuk/vendor/laravel/framework/src/Illuminate/Database/Eloquent/Builder.php(884): Illuminate/Database/Eloquent/Builder->getModels()
#21 C:/Users/NoxxalsGod/Documents/Pemograman Website/pengelolaan-sampah-menumpuk/vendor/laravel/framework/src/Illuminate/Database/Eloquent/Model.php(770): Illuminate/Database/Eloquent/Builder->get()
#22 C:/Users/NoxxalsGod/Documents/Pemograman Website/pengelolaan-sampah-menumpuk/app/Http/Controllers/HomeController.php(15): Illuminate/Database/Eloquent/Model::all()
#23 C:/Users/NoxxalsGod/Documents/Pemograman Website/pengelolaan-sampah-menumpuk/vendor/laravel/framework/src/Illuminate/Routing/Controller.php(54): App/Http/Controllers/HomeController->index()
#24 C:/Users/NoxxalsGod/Documents/Pemograman Website/pengelolaan-sampah-menumpuk/vendor/laravel/framework/src/Illuminate/Routing/ControllerDispatcher.php(43): Illuminate/Routing/Controller->callAction()
#25 C:/Users/NoxxalsGod/Documents/Pemograman Website/pengelolaan-sampah-menumpuk/vendor/laravel/framework/src/Illuminate/Routing/Route.php(265): Illuminate/Routing/ControllerDispatcher->dispatch()
#26 C:/Users/NoxxalsGod/Documents/Pemograman Website/pengelolaan-sampah-menumpuk/vendor/laravel/framework/src/Illuminate/Routing/Route.php(211): Illuminate/Routing/Route->runController()
#27 C:/Users/NoxxalsGod/Documents/Pemograman Website/pengelolaan-sampah-menumpuk/vendor/laravel/framework/src/Illuminate/Routing/Router.php(822): Illuminate/Routing/Route->run()
#28 C:/Users/NoxxalsGod/Documents/Pemograman Website/pengelolaan-sampah-menumpuk/vendor/laravel/framework/src/Illuminate/Pipeline/Pipeline.php(180): Illuminate/Routing/Router->{closure:Illuminate/Routing/Router::runRouteWithinStack():821}()
#29 C:/Users/NoxxalsGod/Documents/Pemograman Website/pengelolaan-sampah-menumpuk/vendor/laravel/framework/src/Illuminate/Routing/Middleware/SubstituteBindings.php(50): Illuminate/Pipeline/Pipeline->{closure:Illuminate/Pipeline/Pipeline::prepareDestination():178}()
#30 C:/Users/NoxxalsGod/Documents/Pemograman Website/pengelolaan-sampah-menumpuk/vendor/laravel/framework/src/Illuminate/Pipeline/Pipeline.php(219): Illuminate/Routing/Middleware/SubstituteBindings->handle()
#31 C:/Users/NoxxalsGod/Documents/Pemograman Website/pengelolaan-sampah-menumpuk/vendor/laravel/framework/src/Illuminate/Foundation/Http/Middleware/VerifyCsrfToken.php(87): Illuminate/Pipeline/Pipeline->{closure:{closure:Illuminate/Pipeline/Pipeline::carry():194}:195}()
#32 C:/Users/NoxxalsGod/Documents/Pemograman Website/pengelolaan-sampah-menumpuk/vendor/laravel/framework/src/Illuminate/Pipeline/Pipeline.php(219): Illuminate/Foundation/Http/Middleware/VerifyCsrfToken->handle()
#33 C:/Users/NoxxalsGod/Documents/Pemograman Website/pengelolaan-sampah-menumpuk/vendor/laravel/framework/src/Illuminate/View/Middleware/ShareErrorsFromSession.php(48): Illuminate/Pipeline/Pipeline->{closure:{closure:Illuminate/Pipeline/Pipeline::carry():194}:195}()
#34 C:/Users/NoxxalsGod/Documents/Pemograman Website/pengelolaan-sampah-menumpuk/vendor/laravel/framework/src/Illuminate/Pipeline/Pipeline.php(219): Illuminate/View/Middleware/ShareErrorsFromSession->handle()
#35 C:/Users/NoxxalsGod/Documents/Pemograman Website/pengelolaan-sampah-menumpuk/vendor/laravel/framework/src/Illuminate/Session/Middleware/StartSession.php(120): Illuminate/Pipeline/Pipeline->{closure:{closure:Illuminate/Pipeline/Pipeline::carry():194}:195}()
#36 C:/Users/NoxxalsGod/Documents/Pemograman Website/pengelolaan-sampah-menumpuk/vendor/laravel/framework/src/Illuminate/Session/Middleware/StartSession.php(63): Illuminate/Session/Middleware/StartSession->handleStatefulRequest()
#37 C:/Users/NoxxalsGod/Documents/Pemograman Website/pengelolaan-sampah-menumpuk/vendor/laravel/framework/src/Illuminate/Pipeline/Pipeline.php(219): Illuminate/Session/Middleware/StartSession->handle()
#38 C:/Users/NoxxalsGod/Documents/Pemograman Website/pengelolaan-sampah-menumpuk/vendor/laravel/framework/src/Illuminate/Cookie/Middleware/AddQueuedCookiesToResponse.php(36): Illuminate/Pipeline/Pipeline->{closure:{closure:Illuminate/Pipeline/Pipeline::carry():194}:195}()
#39 C:/Users/NoxxalsGod/Documents/Pemograman Website/pengelolaan-sampah-menumpuk/vendor/laravel/framework/src/Illuminate/Pipeline/Pipeline.php(219): Illuminate/Cookie/Middleware/AddQueuedCookiesToResponse->handle()
#40 C:/Users/NoxxalsGod/Documents/Pemograman Website/pengelolaan-sampah-menumpuk/vendor/laravel/framework/src/Illuminate/Cookie/Middleware/EncryptCookies.php(74): Illuminate/Pipeline/Pipeline->{closure:{closure:Illuminate/Pipeline/Pipeline::carry():194}:195}()
#41 C:/Users/NoxxalsGod/Documents/Pemograman Website/pengelolaan-sampah-menumpuk/vendor/laravel/framework/src/Illuminate/Pipeline/Pipeline.php(219): Illuminate/Cookie/Middleware/EncryptCookies->handle()
#42 C:/Users/NoxxalsGod/Documents/Pemograman Website/pengelolaan-sampah-menumpuk/vendor/laravel/framework/src/Illuminate/Pipeline/Pipeline.php(137): Illuminate/Pipeline/Pipeline->{closure:{closure:Illuminate/Pipeline/Pipeline::carry():194}:195}()
#43 C:/Users/NoxxalsGod/Documents/Pemograman Website/pengelolaan-sampah-menumpuk/vendor/laravel/framework/src/Illuminate/Routing/Router.php(821): Illuminate/Pipeline/Pipeline->then()
#44 C:/Users/NoxxalsGod/Documents/Pemograman Website/pengelolaan-sampah-menumpuk/vendor/laravel/framework/src/Illuminate/Routing/Router.php(800): Illuminate/Routing/Router->runRouteWithinStack()
#45 C:/Users/NoxxalsGod/Documents/Pemograman Website/pengelolaan-sampah-menumpuk/vendor/laravel/framework/src/Illuminate/Routing/Router.php(764): Illuminate/Routing/Router->runRoute()
#46 C:/Users/NoxxalsGod/Documents/Pemograman Website/pengelolaan-sampah-menumpuk/vendor/laravel/framework/src/Illuminate/Routing/Router.php(753): Illuminate/Routing/Router->dispatchToRoute()
#47 C:/Users/NoxxalsGod/Documents/Pemograman Website/pengelolaan-sampah-menumpuk/vendor/laravel/framework/src/Illuminate/Foundation/Http/Kernel.php(200): Illuminate/Routing/Router->dispatch()
#48 C:/Users/NoxxalsGod/Documents/Pemograman Website/pengelolaan-sampah-menumpuk/vendor/laravel/framework/src/Illuminate/Pipeline/Pipeline.php(180): Illuminate/Foundation/Http/Kernel->{closure:Illuminate/Foundation/Http/Kernel::dispatchToRouter():197}()
#49 C:/Users/NoxxalsGod/Documents/Pemograman Website/pengelolaan-sampah-menumpuk/vendor/laravel/framework/src/Illuminate/Foundation/Http/Middleware/TransformsRequest.php(21): Illuminate/Pipeline/Pipeline->{closure:Illuminate/Pipeline/Pipeline::prepareDestination():178}()
#50 C:/Users/NoxxalsGod/Documents/Pemograman Website/pengelolaan-sampah-menumpuk/vendor/laravel/framework/src/Illuminate/Foundation/Http/Middleware/ConvertEmptyStringsToNull.php(31): Illuminate/Foundation/Http/Middleware/TransformsRequest->handle()
#51 C:/Users/NoxxalsGod/Documents/Pemograman Website/pengelolaan-sampah-menumpuk/vendor/laravel/framework/src/Illuminate/Pipeline/Pipeline.php(219): Illuminate/Foundation/Http/Middleware/ConvertEmptyStringsToNull->handle()
#52 C:/Users/NoxxalsGod/Documents/Pemograman Website/pengelolaan-sampah-menumpuk/vendor/laravel/framework/src/Illuminate/Foundation/Http/Middleware/TransformsRequest.php(21): Illuminate/Pipeline/Pipeline->{closure:{closure:Illuminate/Pipeline/Pipeline::carry():194}:195}()
#53 C:/Users/NoxxalsGod/Documents/Pemograman Website/pengelolaan-sampah-menumpuk/vendor/laravel/framework/src/Illuminate/Foundation/Http/Middleware/TrimStrings.php(51): Illuminate/Foundation/Http/Middleware/TransformsRequest->handle()
#54 C:/Users/NoxxalsGod/Documents/Pemograman Website/pengelolaan-sampah-menumpuk/vendor/laravel/framework/src/Illuminate/Pipeline/Pipeline.php(219): Illuminate/Foundation/Http/Middleware/TrimStrings->handle()
#55 C:/Users/NoxxalsGod/Documents/Pemograman Website/pengelolaan-sampah-menumpuk/vendor/laravel/framework/src/Illuminate/Http/Middleware/ValidatePostSize.php(27): Illuminate/Pipeline/Pipeline->{closure:{closure:Illuminate/Pipeline/Pipeline::carry():194}:195}()
#56 C:/Users/NoxxalsGod/Documents/Pemograman Website/pengelolaan-sampah-menumpuk/vendor/laravel/framework/src/Illuminate/Pipeline/Pipeline.php(219): Illuminate/Http/Middleware/ValidatePostSize->handle()
#57 C:/Users/NoxxalsGod/Documents/Pemograman Website/pengelolaan-sampah-menumpuk/vendor/laravel/framework/src/Illuminate/Foundation/Http/Middleware/PreventRequestsDuringMaintenance.php(109): Illuminate/Pipeline/Pipeline->{closure:{closure:Illuminate/Pipeline/Pipeline::carry():194}:195}()
#58 C:/Users/NoxxalsGod/Documents/Pemograman Website/pengelolaan-sampah-menumpuk/vendor/laravel/framework/src/Illuminate/Pipeline/Pipeline.php(219): Illuminate/Foundation/Http/Middleware/PreventRequestsDuringMaintenance->handle()
#59 C:/Users/NoxxalsGod/Documents/Pemograman Website/pengelolaan-sampah-menumpuk/vendor/laravel/framework/src/Illuminate/Http/Middleware/HandleCors.php(61): Illuminate/Pipeline/Pipeline->{closure:{closure:Illuminate/Pipeline/Pipeline::carry():194}:195}()
#60 C:/Users/NoxxalsGod/Documents/Pemograman Website/pengelolaan-sampah-menumpuk/vendor/laravel/framework/src/Illuminate/Pipeline/Pipeline.php(219): Illuminate/Http/Middleware/HandleCors->handle()
#61 C:/Users/NoxxalsGod/Documents/Pemograman Website/pengelolaan-sampah-menumpuk/vendor/laravel/framework/src/Illuminate/Http/Middleware/TrustProxies.php(58): Illuminate/Pipeline/Pipeline->{closure:{closure:Illuminate/Pipeline/Pipeline::carry():194}:195}()
#62 C:/Users/NoxxalsGod/Documents/Pemograman Website/pengelolaan-sampah-menumpuk/vendor/laravel/framework/src/Illuminate/Pipeline/Pipeline.php(219): Illuminate/Http/Middleware/TrustProxies->handle()
#63 C:/Users/NoxxalsGod/Documents/Pemograman Website/pengelolaan-sampah-menumpuk/vendor/laravel/framework/src/Illuminate/Pipeline/Pipeline.php(137): Illuminate/Pipeline/Pipeline->{closure:{closure:Illuminate/Pipeline/Pipeline::carry():194}:195}()
#64 C:/Users/NoxxalsGod/Documents/Pemograman Website/pengelolaan-sampah-menumpuk/vendor/laravel/framework/src/Illuminate/Foundation/Http/Kernel.php(175): Illuminate/Pipeline/Pipeline->then()
#65 C:/Users/NoxxalsGod/Documents/Pemograman Website/pengelolaan-sampah-menumpuk/vendor/laravel/framework/src/Illuminate/Foundation/Http/Kernel.php(144): Illuminate/Foundation/Http/Kernel->sendRequestThroughRouter()
#66 C:/Users/NoxxalsGod/Documents/Pemograman Website/pengelolaan-sampah-menumpuk/public/index.php(51): Illuminate/Foundation/Http/Kernel->handle()
#67 C:/Users/NoxxalsGod/Documents/Pemograman Website/pengelolaan-sampah-menumpuk/vendor/laravel/framework/src/Illuminate/Foundation/resources/server.php(23): require_once('...')
#68 {main}
"} 
[2026-07-12 20:02:39] local.ERROR: Route [penukaran-sampah] not defined. (View: C:\Users\NoxxalsGod\Documents\Pemograman Website\pengelolaan-sampah-menumpuk\resources\views\components\navbar.blade.php) (View: C:\Users\NoxxalsGod\Documents\Pemograman Website\pengelolaan-sampah-menumpuk\resources\views\components\navbar.blade.php) (View: C:\Users\NoxxalsGod\Documents\Pemograman Website\pengelolaan-sampah-menumpuk\resources\views\components\navbar.blade.php) {"userId":1,"exception":"[object] (Illuminate\\View\\ViewException(code: 0): Route [penukaran-sampah] not defined. (View: C:\\Users\\NoxxalsGod\\Documents\\Pemograman Website\\pengelolaan-sampah-menumpuk\\resources\\views\\components\\navbar.blade.php) (View: C:\\Users\\NoxxalsGod\\Documents\\Pemograman Website\\pengelolaan-sampah-menumpuk\\resources\\views\\components\\navbar.blade.php) (View: C:\\Users\\NoxxalsGod\\Documents\\Pemograman Website\\pengelolaan-sampah-menumpuk\\resources\\views\\components\\navbar.blade.php) at C:/Users/NoxxalsGod/Documents/Pemograman Website/pengelolaan-sampah-menumpuk/vendor/laravel/framework/src/Illuminate/Routing/UrlGenerator.php:534)
[stacktrace]
#0 C:/Users/NoxxalsGod/Documents/Pemograman Website/pengelolaan-sampah-menumpuk/vendor/laravel/framework/src/Illuminate/View/Engines/PhpEngine.php(59): Illuminate/View/Engines/CompilerEngine->handleViewException()
#1 C:/Users/NoxxalsGod/Documents/Pemograman Website/pengelolaan-sampah-menumpuk/vendor/laravel/framework/src/Illuminate/View/Engines/CompilerEngine.php(76): Illuminate/View/Engines/PhpEngine->evaluatePath()
#2 C:/Users/NoxxalsGod/Documents/Pemograman Website/pengelolaan-sampah-menumpuk/vendor/laravel/framework/src/Illuminate/View/View.php(208): Illuminate/View/Engines/CompilerEngine->get()
#3 C:/Users/NoxxalsGod/Documents/Pemograman Website/pengelolaan-sampah-menumpuk/vendor/laravel/framework/src/Illuminate/View/View.php(191): Illuminate/View/View->getContents()
#4 C:/Users/NoxxalsGod/Documents/Pemograman Website/pengelolaan-sampah-menumpuk/vendor/laravel/framework/src/Illuminate/View/View.php(160): Illuminate/View/View->renderContents()
#5 C:/Users/NoxxalsGod/Documents/Pemograman Website/pengelolaan-sampah-menumpuk/vendor/laravel/framework/src/Illuminate/Http/Response.php(78): Illuminate/View/View->render()
#6 C:/Users/NoxxalsGod/Documents/Pemograman Website/pengelolaan-sampah-menumpuk/vendor/laravel/framework/src/Illuminate/Http/Response.php(34): Illuminate/Http/Response->setContent()
#7 C:/Users/NoxxalsGod/Documents/Pemograman Website/pengelolaan-sampah-menumpuk/vendor/laravel/framework/src/Illuminate/Routing/ResponseFactory.php(61): Illuminate/Http/Response->__construct()
#8 C:/Users/NoxxalsGod/Documents/Pemograman Website/pengelolaan-sampah-menumpuk/vendor/laravel/framework/src/Illuminate/Routing/ResponseFactory.php(91): Illuminate/Routing/ResponseFactory->make()
#9 C:/Users/NoxxalsGod/Documents/Pemograman Website/pengelolaan-sampah-menumpuk/routes/web.php(27): Illuminate/Routing/ResponseFactory->view()
#10 C:/Users/NoxxalsGod/Documents/Pemograman Website/pengelolaan-sampah-menumpuk/vendor/laravel/framework/src/Illuminate/Routing/CallableDispatcher.php(39): Illuminate/Routing/RouteFileRegistrar->{closure:C:/Users/NoxxalsGod/Documents/Pemograman Website/pengelolaan-sampah-menumpuk/routes/web.php:26}()
#11 C:/Users/NoxxalsGod/Documents/Pemograman Website/pengelolaan-sampah-menumpuk/vendor/laravel/framework/src/Illuminate/Routing/Route.php(243): Illuminate/Routing/CallableDispatcher->dispatch()
#12 C:/Users/NoxxalsGod/Documents/Pemograman Website/pengelolaan-sampah-menumpuk/vendor/laravel/framework/src/Illuminate/Routing/Route.php(214): Illuminate/Routing/Route->runCallable()
#13 C:/Users/NoxxalsGod/Documents/Pemograman Website/pengelolaan-sampah-menumpuk/vendor/laravel/framework/src/Illuminate/Routing/Router.php(822): Illuminate/Routing/Route->run()
#14 C:/Users/NoxxalsGod/Documents/Pemograman Website/pengelolaan-sampah-menumpuk/vendor/laravel/framework/src/Illuminate/Pipeline/Pipeline.php(180): Illuminate/Routing/Router->{closure:Illuminate/Routing/Router::runRouteWithinStack():821}()
#15 C:/Users/NoxxalsGod/Documents/Pemograman Website/pengelolaan-sampah-menumpuk/vendor/laravel/framework/src/Illuminate/Routing/Middleware/SubstituteBindings.php(50): Illuminate/Pipeline/Pipeline->{closure:Illuminate/Pipeline/Pipeline::prepareDestination():178}()
#16 C:/Users/NoxxalsGod/Documents/Pemograman Website/pengelolaan-sampah-menumpuk/vendor/laravel/framework/src/Illuminate/Pipeline/Pipeline.php(219): Illuminate/Routing/Middleware/SubstituteBindings->handle()
#17 C:/Users/NoxxalsGod/Documents/Pemograman Website/pengelolaan-sampah-menumpuk/vendor/laravel/framework/src/Illuminate/Foundation/Http/Middleware/VerifyCsrfToken.php(87): Illuminate/Pipeline/Pipeline->{closure:{closure:Illuminate/Pipeline/Pipeline::carry():194}:195}()
#18 C:/Users/NoxxalsGod/Documents/Pemograman Website/pengelolaan-sampah-menumpuk/vendor/laravel/framework/src/Illuminate/Pipeline/Pipeline.php(219): Illuminate/Foundation/Http/Middleware/VerifyCsrfToken->handle()
#19 C:/Users/NoxxalsGod/Documents/Pemograman Website/pengelolaan-sampah-menumpuk/vendor/laravel/framework/src/Illuminate/View/Middleware/ShareErrorsFromSession.php(48): Illuminate/Pipeline/Pipeline->{closure:{closure:Illuminate/Pipeline/Pipeline::carry():194}:195}()
#20 C:/Users/NoxxalsGod/Documents/Pemograman Website/pengelolaan-sampah-menumpuk/vendor/laravel/framework/src/Illuminate/Pipeline/Pipeline.php(219): Illuminate/View/Middleware/ShareErrorsFromSession->handle()
#21 C:/Users/NoxxalsGod/Documents/Pemograman Website/pengelolaan-sampah-menumpuk/vendor/laravel/framework/src/Illuminate/Session/Middleware/StartSession.php(120): Illuminate/Pipeline/Pipeline->{closure:{closure:Illuminate/Pipeline/Pipeline::carry():194}:195}()
#22 C:/Users/NoxxalsGod/Documents/Pemograman Website/pengelolaan-sampah-menumpuk/vendor/laravel/framework/src/Illuminate/Session/Middleware/StartSession.php(63): Illuminate/Session/Middleware/StartSession->handleStatefulRequest()
#23 C:/Users/NoxxalsGod/Documents/Pemograman Website/pengelolaan-sampah-menumpuk/vendor/laravel/framework/src/Illuminate/Pipeline/Pipeline.php(219): Illuminate/Session/Middleware/StartSession->handle()
#24 C:/Users/NoxxalsGod/Documents/Pemograman Website/pengelolaan-sampah-menumpuk/vendor/laravel/framework/src/Illuminate/Cookie/Middleware/AddQueuedCookiesToResponse.php(36): Illuminate/Pipeline/Pipeline->{closure:{closure:Illuminate/Pipeline/Pipeline::carry():194}:195}()
#25 C:/Users/NoxxalsGod/Documents/Pemograman Website/pengelolaan-sampah-menumpuk/vendor/laravel/framework/src/Illuminate/Pipeline/Pipeline.php(219): Illuminate/Cookie/Middleware/AddQueuedCookiesToResponse->handle()
#26 C:/Users/NoxxalsGod/Documents/Pemograman Website/pengelolaan-sampah-menumpuk/vendor/laravel/framework/src/Illuminate/Cookie/Middleware/EncryptCookies.php(74): Illuminate/Pipeline/Pipeline->{closure:{closure:Illuminate/Pipeline/Pipeline::carry():194}:195}()
#27 C:/Users/NoxxalsGod/Documents/Pemograman Website/pengelolaan-sampah-menumpuk/vendor/laravel/framework/src/Illuminate/Pipeline/Pipeline.php(219): Illuminate/Cookie/Middleware/EncryptCookies->handle()
#28 C:/Users/NoxxalsGod/Documents/Pemograman Website/pengelolaan-sampah-menumpuk/vendor/laravel/framework/src/Illuminate/Pipeline/Pipeline.php(137): Illuminate/Pipeline/Pipeline->{closure:{closure:Illuminate/Pipeline/Pipeline::carry():194}:195}()
#29 C:/Users/NoxxalsGod/Documents/Pemograman Website/pengelolaan-sampah-menumpuk/vendor/laravel/framework/src/Illuminate/Routing/Router.php(821): Illuminate/Pipeline/Pipeline->then()
#30 C:/Users/NoxxalsGod/Documents/Pemograman Website/pengelolaan-sampah-menumpuk/vendor/laravel/framework/src/Illuminate/Routing/Router.php(800): Illuminate/Routing/Router->runRouteWithinStack()
#31 C:/Users/NoxxalsGod/Documents/Pemograman Website/pengelolaan-sampah-menumpuk/vendor/laravel/framework/src/Illuminate/Routing/Router.php(764): Illuminate/Routing/Router->runRoute()
#32 C:/Users/NoxxalsGod/Documents/Pemograman Website/pengelolaan-sampah-menumpuk/vendor/laravel/framework/src/Illuminate/Routing/Router.php(753): Illuminate/Routing/Router->dispatchToRoute()
#33 C:/Users/NoxxalsGod/Documents/Pemograman Website/pengelolaan-sampah-menumpuk/vendor/laravel/framework/src/Illuminate/Foundation/Http/Kernel.php(200): Illuminate/Routing/Router->dispatch()
#34 C:/Users/NoxxalsGod/Documents/Pemograman Website/pengelolaan-sampah-menumpuk/vendor/laravel/framework/src/Illuminate/Pipeline/Pipeline.php(180): Illuminate/Foundation/Http/Kernel->{closure:Illuminate/Foundation/Http/Kernel::dispatchToRouter():197}()
#35 C:/Users/NoxxalsGod/Documents/Pemograman Website/pengelolaan-sampah-menumpuk/vendor/laravel/framework/src/Illuminate/Foundation/Http/Middleware/TransformsRequest.php(21): Illuminate/Pipeline/Pipeline->{closure:Illuminate/Pipeline/Pipeline::prepareDestination():178}()
#36 C:/Users/NoxxalsGod/Documents/Pemograman Website/pengelolaan-sampah-menumpuk/vendor/laravel/framework/src/Illuminate/Foundation/Http/Middleware/ConvertEmptyStringsToNull.php(31): Illuminate/Foundation/Http/Middleware/TransformsRequest->handle()
#37 C:/Users/NoxxalsGod/Documents/Pemograman Website/pengelolaan-sampah-menumpuk/vendor/laravel/framework/src/Illuminate/Pipeline/Pipeline.php(219): Illuminate/Foundation/Http/Middleware/ConvertEmptyStringsToNull->handle()
#38 C:/Users/NoxxalsGod/Documents/Pemograman Website/pengelolaan-sampah-menumpuk/vendor/laravel/framework/src/Illuminate/Foundation/Http/Middleware/TransformsRequest.php(21): Illuminate/Pipeline/Pipeline->{closure:{closure:Illuminate/Pipeline/Pipeline::carry():194}:195}()
#39 C:/Users/NoxxalsGod/Documents/Pemograman Website/pengelolaan-sampah-menumpuk/vendor/laravel/framework/src/Illuminate/Foundation/Http/Middleware/TrimStrings.php(51): Illuminate/Foundation/Http/Middleware/TransformsRequest->handle()
#40 C:/Users/NoxxalsGod/Documents/Pemograman Website/pengelolaan-sampah-menumpuk/vendor/laravel/framework/src/Illuminate/Pipeline/Pipeline.php(219): Illuminate/Foundation/Http/Middleware/TrimStrings->handle()
#41 C:/Users/NoxxalsGod/Documents/Pemograman Website/pengelolaan-sampah-menumpuk/vendor/laravel/framework/src/Illuminate/Http/Middleware/ValidatePostSize.php(27): Illuminate/Pipeline/Pipeline->{closure:{closure:Illuminate/Pipeline/Pipeline::carry():194}:195}()
#42 C:/Users/NoxxalsGod/Documents/Pemograman Website/pengelolaan-sampah-menumpuk/vendor/laravel/framework/src/Illuminate/Pipeline/Pipeline.php(219): Illuminate/Http/Middleware/ValidatePostSize->handle()
#43 C:/Users/NoxxalsGod/Documents/Pemograman Website/pengelolaan-sampah-menumpuk/vendor/laravel/framework/src/Illuminate/Foundation/Http/Middleware/PreventRequestsDuringMaintenance.php(109): Illuminate/Pipeline/Pipeline->{closure:{closure:Illuminate/Pipeline/Pipeline::carry():194}:195}()
#44 C:/Users/NoxxalsGod/Documents/Pemograman Website/pengelolaan-sampah-menumpuk/vendor/laravel/framework/src/Illuminate/Pipeline/Pipeline.php(219): Illuminate/Foundation/Http/Middleware/PreventRequestsDuringMaintenance->handle()
#45 C:/Users/NoxxalsGod/Documents/Pemograman Website/pengelolaan-sampah-menumpuk/vendor/laravel/framework/src/Illuminate/Http/Middleware/HandleCors.php(61): Illuminate/Pipeline/Pipeline->{closure:{closure:Illuminate/Pipeline/Pipeline::carry():194}:195}()
#46 C:/Users/NoxxalsGod/Documents/Pemograman Website/pengelolaan-sampah-menumpuk/vendor/laravel/framework/src/Illuminate/Pipeline/Pipeline.php(219): Illuminate/Http/Middleware/HandleCors->handle()
#47 C:/Users/NoxxalsGod/Documents/Pemograman Website/pengelolaan-sampah-menumpuk/vendor/laravel/framework/src/Illuminate/Http/Middleware/TrustProxies.php(58): Illuminate/Pipeline/Pipeline->{closure:{closure:Illuminate/Pipeline/Pipeline::carry():194}:195}()
#48 C:/Users/NoxxalsGod/Documents/Pemograman Website/pengelolaan-sampah-menumpuk/vendor/laravel/framework/src/Illuminate/Pipeline/Pipeline.php(219): Illuminate/Http/Middleware/TrustProxies->handle()
#49 C:/Users/NoxxalsGod/Documents/Pemograman Website/pengelolaan-sampah-menumpuk/vendor/laravel/framework/src/Illuminate/Pipeline/Pipeline.php(137): Illuminate/Pipeline/Pipeline->{closure:{closure:Illuminate/Pipeline/Pipeline::carry():194}:195}()
#50 C:/Users/NoxxalsGod/Documents/Pemograman Website/pengelolaan-sampah-menumpuk/vendor/laravel/framework/src/Illuminate/Foundation/Http/Kernel.php(175): Illuminate/Pipeline/Pipeline->then()
#51 C:/Users/NoxxalsGod/Documents/Pemograman Website/pengelolaan-sampah-menumpuk/vendor/laravel/framework/src/Illuminate/Foundation/Http/Kernel.php(144): Illuminate/Foundation/Http/Kernel->sendRequestThroughRouter()
#52 C:/Users/NoxxalsGod/Documents/Pemograman Website/pengelolaan-sampah-menumpuk/public/index.php(51): Illuminate/Foundation/Http/Kernel->handle()
#53 C:/Users/NoxxalsGod/Documents/Pemograman Website/pengelolaan-sampah-menumpuk/vendor/laravel/framework/src/Illuminate/Foundation/resources/server.php(23): require_once('...')
#54 {main}

[previous exception] [object] (Illuminate\\View\\ViewException(code: 0): Route [penukaran-sampah] not defined. (View: C:\\Users\\NoxxalsGod\\Documents\\Pemograman Website\\pengelolaan-sampah-menumpuk\\resources\\views\\components\\navbar.blade.php) (View: C:\\Users\\NoxxalsGod\\Documents\\Pemograman Website\\pengelolaan-sampah-menumpuk\\resources\\views\\components\\navbar.blade.php) at C:/Users/NoxxalsGod/Documents/Pemograman Website/pengelolaan-sampah-menumpuk/vendor/laravel/framework/src/Illuminate/Routing/UrlGenerator.php:534)
[stacktrace]
#0 C:/Users/NoxxalsGod/Documents/Pemograman Website/pengelolaan-sampah-menumpuk/vendor/laravel/framework/src/Illuminate/View/Engines/PhpEngine.php(59): Illuminate/View/Engines/CompilerEngine->handleViewException()
#1 C:/Users/NoxxalsGod/Documents/Pemograman Website/pengelolaan-sampah-menumpuk/vendor/laravel/framework/src/Illuminate/View/Engines/CompilerEngine.php(76): Illuminate/View/Engines/PhpEngine->evaluatePath()
#2 C:/Users/NoxxalsGod/Documents/Pemograman Website/pengelolaan-sampah-menumpuk/vendor/laravel/framework/src/Illuminate/View/View.php(208): Illuminate/View/Engines/CompilerEngine->get()
#3 C:/Users/NoxxalsGod/Documents/Pemograman Website/pengelolaan-sampah-menumpuk/vendor/laravel/framework/src/Illuminate/View/View.php(191): Illuminate/View/View->getContents()
#4 C:/Users/NoxxalsGod/Documents/Pemograman Website/pengelolaan-sampah-menumpuk/vendor/laravel/framework/src/Illuminate/View/View.php(160): Illuminate/View/View->renderContents()
#5 C:/Users/NoxxalsGod/Documents/Pemograman Website/pengelolaan-sampah-menumpuk/storage/framework/views/bbc77f0e4414e087e0ed13f3c36bd639.php(18): Illuminate/View/View->render()
#6 C:/Users/NoxxalsGod/Documents/Pemograman Website/pengelolaan-sampah-menumpuk/vendor/laravel/framework/src/Illuminate/Filesystem/Filesystem.php(123): require('...')
#7 C:/Users/NoxxalsGod/Documents/Pemograman Website/pengelolaan-sampah-menumpuk/vendor/laravel/framework/src/Illuminate/Filesystem/Filesystem.php(124): Illuminate/Filesystem/Filesystem::{closure:Illuminate/Filesystem/Filesystem::getRequire():120}()
#8 C:/Users/NoxxalsGod/Documents/Pemograman Website/pengelolaan-sampah-menumpuk/vendor/laravel/framework/src/Illuminate/View/Engines/PhpEngine.php(57): Illuminate/Filesystem/Filesystem->getRequire()
#9 C:/Users/NoxxalsGod/Documents/Pemograman Website/pengelolaan-sampah-menumpuk/vendor/laravel/framework/src/Illuminate/View/Engines/CompilerEngine.php(76): Illuminate/View/Engines/PhpEngine->evaluatePath()
#10 C:/Users/NoxxalsGod/Documents/Pemograman Website/pengelolaan-sampah-menumpuk/vendor/laravel/framework/src/Illuminate/View/View.php(208): Illuminate/View/Engines/CompilerEngine->get()
#11 C:/Users/NoxxalsGod/Documents/Pemograman Website/pengelolaan-sampah-menumpuk/vendor/laravel/framework/src/Illuminate/View/View.php(191): Illuminate/View/View->getContents()
#12 C:/Users/NoxxalsGod/Documents/Pemograman Website/pengelolaan-sampah-menumpuk/vendor/laravel/framework/src/Illuminate/View/View.php(160): Illuminate/View/View->renderContents()
#13 C:/Users/NoxxalsGod/Documents/Pemograman Website/pengelolaan-sampah-menumpuk/vendor/laravel/framework/src/Illuminate/Http/Response.php(78): Illuminate/View/View->render()
#14 C:/Users/NoxxalsGod/Documents/Pemograman Website/pengelolaan-sampah-menumpuk/vendor/laravel/framework/src/Illuminate/Http/Response.php(34): Illuminate/Http/Response->setContent()
#15 C:/Users/NoxxalsGod/Documents/Pemograman Website/pengelolaan-sampah-menumpuk/vendor/laravel/framework/src/Illuminate/Routing/ResponseFactory.php(61): Illuminate/Http/Response->__construct()
#16 C:/Users/NoxxalsGod/Documents/Pemograman Website/pengelolaan-sampah-menumpuk/vendor/laravel/framework/src/Illuminate/Routing/ResponseFactory.php(91): Illuminate/Routing/ResponseFactory->make()
#17 C:/Users/NoxxalsGod/Documents/Pemograman Website/pengelolaan-sampah-menumpuk/routes/web.php(27): Illuminate/Routing/ResponseFactory->view()
#18 C:/Users/NoxxalsGod/Documents/Pemograman Website/pengelolaan-sampah-menumpuk/vendor/laravel/framework/src/Illuminate/Routing/CallableDispatcher.php(39): Illuminate/Routing/RouteFileRegistrar->{closure:C:/Users/NoxxalsGod/Documents/Pemograman Website/pengelolaan-sampah-menumpuk/routes/web.php:26}()
#19 C:/Users/NoxxalsGod/Documents/Pemograman Website/pengelolaan-sampah-menumpuk/vendor/laravel/framework/src/Illuminate/Routing/Route.php(243): Illuminate/Routing/CallableDispatcher->dispatch()
#20 C:/Users/NoxxalsGod/Documents/Pemograman Website/pengelolaan-sampah-menumpuk/vendor/laravel/framework/src/Illuminate/Routing/Route.php(214): Illuminate/Routing/Route->runCallable()
#21 C:/Users/NoxxalsGod/Documents/Pemograman Website/pengelolaan-sampah-menumpuk/vendor/laravel/framework/src/Illuminate/Routing/Router.php(822): Illuminate/Routing/Route->run()
#22 C:/Users/NoxxalsGod/Documents/Pemograman Website/pengelolaan-sampah-menumpuk/vendor/laravel/framework/src/Illuminate/Pipeline/Pipeline.php(180): Illuminate/Routing/Router->{closure:Illuminate/Routing/Router::runRouteWithinStack():821}()
#23 C:/Users/NoxxalsGod/Documents/Pemograman Website/pengelolaan-sampah-menumpuk/vendor/laravel/framework/src/Illuminate/Routing/Middleware/SubstituteBindings.php(50): Illuminate/Pipeline/Pipeline->{closure:Illuminate/Pipeline/Pipeline::prepareDestination():178}()
#24 C:/Users/NoxxalsGod/Documents/Pemograman Website/pengelolaan-sampah-menumpuk/vendor/laravel/framework/src/Illuminate/Pipeline/Pipeline.php(219): Illuminate/Routing/Middleware/SubstituteBindings->handle()
#25 C:/Users/NoxxalsGod/Documents/Pemograman Website/pengelolaan-sampah-menumpuk/vendor/laravel/framework/src/Illuminate/Foundation/Http/Middleware/VerifyCsrfToken.php(87): Illuminate/Pipeline/Pipeline->{closure:{closure:Illuminate/Pipeline/Pipeline::carry():194}:195}()
#26 C:/Users/NoxxalsGod/Documents/Pemograman Website/pengelolaan-sampah-menumpuk/vendor/laravel/framework/src/Illuminate/Pipeline/Pipeline.php(219): Illuminate/Foundation/Http/Middleware/VerifyCsrfToken->handle()
#27 C:/Users/NoxxalsGod/Documents/Pemograman Website/pengelolaan-sampah-menumpuk/vendor/laravel/framework/src/Illuminate/View/Middleware/ShareErrorsFromSession.php(48): Illuminate/Pipeline/Pipeline->{closure:{closure:Illuminate/Pipeline/Pipeline::carry():194}:195}()
#28 C:/Users/NoxxalsGod/Documents/Pemograman Website/pengelolaan-sampah-menumpuk/vendor/laravel/framework/src/Illuminate/Pipeline/Pipeline.php(219): Illuminate/View/Middleware/ShareErrorsFromSession->handle()
#29 C:/Users/NoxxalsGod/Documents/Pemograman Website/pengelolaan-sampah-menumpuk/vendor/laravel/framework/src/Illuminate/Session/Middleware/StartSession.php(120): Illuminate/Pipeline/Pipeline->{closure:{closure:Illuminate/Pipeline/Pipeline::carry():194}:195}()
#30 C:/Users/NoxxalsGod/Documents/Pemograman Website/pengelolaan-sampah-menumpuk/vendor/laravel/framework/src/Illuminate/Session/Middleware/StartSession.php(63): Illuminate/Session/Middleware/StartSession->handleStatefulRequest()
#31 C:/Users/NoxxalsGod/Documents/Pemograman Website/pengelolaan-sampah-menumpuk/vendor/laravel/framework/src/Illuminate/Pipeline/Pipeline.php(219): Illuminate/Session/Middleware/StartSession->handle()
#32 C:/Users/NoxxalsGod/Documents/Pemograman Website/pengelolaan-sampah-menumpuk/vendor/laravel/framework/src/Illuminate/Cookie/Middleware/AddQueuedCookiesToResponse.php(36): Illuminate/Pipeline/Pipeline->{closure:{closure:Illuminate/Pipeline/Pipeline::carry():194}:195}()
#33 C:/Users/NoxxalsGod/Documents/Pemograman Website/pengelolaan-sampah-menumpuk/vendor/laravel/framework/src/Illuminate/Pipeline/Pipeline.php(219): Illuminate/Cookie/Middleware/AddQueuedCookiesToResponse->handle()
#34 C:/Users/NoxxalsGod/Documents/Pemograman Website/pengelolaan-sampah-menumpuk/vendor/laravel/framework/src/Illuminate/Cookie/Middleware/EncryptCookies.php(74): Illuminate/Pipeline/Pipeline->{closure:{closure:Illuminate/Pipeline/Pipeline::carry():194}:195}()
#35 C:/Users/NoxxalsGod/Documents/Pemograman Website/pengelolaan-sampah-menumpuk/vendor/laravel/framework/src/Illuminate/Pipeline/Pipeline.php(219): Illuminate/Cookie/Middleware/EncryptCookies->handle()
#36 C:/Users/NoxxalsGod/Documents/Pemograman Website/pengelolaan-sampah-menumpuk/vendor/laravel/framework/src/Illuminate/Pipeline/Pipeline.php(137): Illuminate/Pipeline/Pipeline->{closure:{closure:Illuminate/Pipeline/Pipeline::carry():194}:195}()
#37 C:/Users/NoxxalsGod/Documents/Pemograman Website/pengelolaan-sampah-menumpuk/vendor/laravel/framework/src/Illuminate/Routing/Router.php(821): Illuminate/Pipeline/Pipeline->then()
#38 C:/Users/NoxxalsGod/Documents/Pemograman Website/pengelolaan-sampah-menumpuk/vendor/laravel/framework/src/Illuminate/Routing/Router.php(800): Illuminate/Routing/Router->runRouteWithinStack()
#39 C:/Users/NoxxalsGod/Documents/Pemograman Website/pengelolaan-sampah-menumpuk/vendor/laravel/framework/src/Illuminate/Routing/Router.php(764): Illuminate/Routing/Router->runRoute()
#40 C:/Users/NoxxalsGod/Documents/Pemograman Website/pengelolaan-sampah-menumpuk/vendor/laravel/framework/src/Illuminate/Routing/Router.php(753): Illuminate/Routing/Router->dispatchToRoute()
#41 C:/Users/NoxxalsGod/Documents/Pemograman Website/pengelolaan-sampah-menumpuk/vendor/laravel/framework/src/Illuminate/Foundation/Http/Kernel.php(200): Illuminate/Routing/Router->dispatch()
#42 C:/Users/NoxxalsGod/Documents/Pemograman Website/pengelolaan-sampah-menumpuk/vendor/laravel/framework/src/Illuminate/Pipeline/Pipeline.php(180): Illuminate/Foundation/Http/Kernel->{closure:Illuminate/Foundation/Http/Kernel::dispatchToRouter():197}()
#43 C:/Users/NoxxalsGod/Documents/Pemograman Website/pengelolaan-sampah-menumpuk/vendor/laravel/framework/src/Illuminate/Foundation/Http/Middleware/TransformsRequest.php(21): Illuminate/Pipeline/Pipeline->{closure:Illuminate/Pipeline/Pipeline::prepareDestination():178}()
#44 C:/Users/NoxxalsGod/Documents/Pemograman Website/pengelolaan-sampah-menumpuk/vendor/laravel/framework/src/Illuminate/Foundation/Http/Middleware/ConvertEmptyStringsToNull.php(31): Illuminate/Foundation/Http/Middleware/TransformsRequest->handle()
#45 C:/Users/NoxxalsGod/Documents/Pemograman Website/pengelolaan-sampah-menumpuk/vendor/laravel/framework/src/Illuminate/Pipeline/Pipeline.php(219): Illuminate/Foundation/Http/Middleware/ConvertEmptyStringsToNull->handle()
#46 C:/Users/NoxxalsGod/Documents/Pemograman Website/pengelolaan-sampah-menumpuk/vendor/laravel/framework/src/Illuminate/Foundation/Http/Middleware/TransformsRequest.php(21): Illuminate/Pipeline/Pipeline->{closure:{closure:Illuminate/Pipeline/Pipeline::carry():194}:195}()
#47 C:/Users/NoxxalsGod/Documents/Pemograman Website/pengelolaan-sampah-menumpuk/vendor/laravel/framework/src/Illuminate/Foundation/Http/Middleware/TrimStrings.php(51): Illuminate/Foundation/Http/Middleware/TransformsRequest->handle()
#48 C:/Users/NoxxalsGod/Documents/Pemograman Website/pengelolaan-sampah-menumpuk/vendor/laravel/framework/src/Illuminate/Pipeline/Pipeline.php(219): Illuminate/Foundation/Http/Middleware/TrimStrings->handle()
#49 C:/Users/NoxxalsGod/Documents/Pemograman Website/pengelolaan-sampah-menumpuk/vendor/laravel/framework/src/Illuminate/Http/Middleware/ValidatePostSize.php(27): Illuminate/Pipeline/Pipeline->{closure:{closure:Illuminate/Pipeline/Pipeline::carry():194}:195}()
#50 C:/Users/NoxxalsGod/Documents/Pemograman Website/pengelolaan-sampah-menumpuk/vendor/laravel/framework/src/Illuminate/Pipeline/Pipeline.php(219): Illuminate/Http/Middleware/ValidatePostSize->handle()
#51 C:/Users/NoxxalsGod/Documents/Pemograman Website/pengelolaan-sampah-menumpuk/vendor/laravel/framework/src/Illuminate/Foundation/Http/Middleware/PreventRequestsDuringMaintenance.php(109): Illuminate/Pipeline/Pipeline->{closure:{closure:Illuminate/Pipeline/Pipeline::carry():194}:195}()
#52 C:/Users/NoxxalsGod/Documents/Pemograman Website/pengelolaan-sampah-menumpuk/vendor/laravel/framework/src/Illuminate/Pipeline/Pipeline.php(219): Illuminate/Foundation/Http/Middleware/PreventRequestsDuringMaintenance->handle()
#53 C:/Users/NoxxalsGod/Documents/Pemograman Website/pengelolaan-sampah-menumpuk/vendor/laravel/framework/src/Illuminate/Http/Middleware/HandleCors.php(61): Illuminate/Pipeline/Pipeline->{closure:{closure:Illuminate/Pipeline/Pipeline::carry():194}:195}()
#54 C:/Users/NoxxalsGod/Documents/Pemograman Website/pengelolaan-sampah-menumpuk/vendor/laravel/framework/src/Illuminate/Pipeline/Pipeline.php(219): Illuminate/Http/Middleware/HandleCors->handle()
#55 C:/Users/NoxxalsGod/Documents/Pemograman Website/pengelolaan-sampah-menumpuk/vendor/laravel/framework/src/Illuminate/Http/Middleware/TrustProxies.php(58): Illuminate/Pipeline/Pipeline->{closure:{closure:Illuminate/Pipeline/Pipeline::carry():194}:195}()
#56 C:/Users/NoxxalsGod/Documents/Pemograman Website/pengelolaan-sampah-menumpuk/vendor/laravel/framework/src/Illuminate/Pipeline/Pipeline.php(219): Illuminate/Http/Middleware/TrustProxies->handle()
#57 C:/Users/NoxxalsGod/Documents/Pemograman Website/pengelolaan-sampah-menumpuk/vendor/laravel/framework/src/Illuminate/Pipeline/Pipeline.php(137): Illuminate/Pipeline/Pipeline->{closure:{closure:Illuminate/Pipeline/Pipeline::carry():194}:195}()
#58 C:/Users/NoxxalsGod/Documents/Pemograman Website/pengelolaan-sampah-menumpuk/vendor/laravel/framework/src/Illuminate/Foundation/Http/Kernel.php(175): Illuminate/Pipeline/Pipeline->then()
#59 C:/Users/NoxxalsGod/Documents/Pemograman Website/pengelolaan-sampah-menumpuk/vendor/laravel/framework/src/Illuminate/Foundation/Http/Kernel.php(144): Illuminate/Foundation/Http/Kernel->sendRequestThroughRouter()
#60 C:/Users/NoxxalsGod/Documents/Pemograman Website/pengelolaan-sampah-menumpuk/public/index.php(51): Illuminate/Foundation/Http/Kernel->handle()
#61 C:/Users/NoxxalsGod/Documents/Pemograman Website/pengelolaan-sampah-menumpuk/vendor/laravel/framework/src/Illuminate/Foundation/resources/server.php(23): require_once('...')
#62 {main}

[previous exception] [object] (Illuminate\\View\\ViewException(code: 0): Route [penukaran-sampah] not defined. (View: C:\\Users\\NoxxalsGod\\Documents\\Pemograman Website\\pengelolaan-sampah-menumpuk\\resources\\views\\components\\navbar.blade.php) at C:/Users/NoxxalsGod/Documents/Pemograman Website/pengelolaan-sampah-menumpuk/vendor/laravel/framework/src/Illuminate/Routing/UrlGenerator.php:534)
[stacktrace]
#0 C:/Users/NoxxalsGod/Documents/Pemograman Website/pengelolaan-sampah-menumpuk/vendor/laravel/framework/src/Illuminate/View/Engines/PhpEngine.php(59): Illuminate/View/Engines/CompilerEngine->handleViewException()
#1 C:/Users/NoxxalsGod/Documents/Pemograman Website/pengelolaan-sampah-menumpuk/vendor/laravel/framework/src/Illuminate/View/Engines/CompilerEngine.php(76): Illuminate/View/Engines/PhpEngine->evaluatePath()
#2 C:/Users/NoxxalsGod/Documents/Pemograman Website/pengelolaan-sampah-menumpuk/vendor/laravel/framework/src/Illuminate/View/View.php(208): Illuminate/View/Engines/CompilerEngine->get()
#3 C:/Users/NoxxalsGod/Documents/Pemograman Website/pengelolaan-sampah-menumpuk/vendor/laravel/framework/src/Illuminate/View/View.php(191): Illuminate/View/View->getContents()
#4 C:/Users/NoxxalsGod/Documents/Pemograman Website/pengelolaan-sampah-menumpuk/vendor/laravel/framework/src/Illuminate/View/View.php(160): Illuminate/View/View->renderContents()
#5 C:/Users/NoxxalsGod/Documents/Pemograman Website/pengelolaan-sampah-menumpuk/storage/framework/views/2eb32062eca4b41f7b5b0ed9e6a6d433.php(23): Illuminate/View/View->render()
#6 C:/Users/NoxxalsGod/Documents/Pemograman Website/pengelolaan-sampah-menumpuk/vendor/laravel/framework/src/Illuminate/Filesystem/Filesystem.php(123): require('...')
#7 C:/Users/NoxxalsGod/Documents/Pemograman Website/pengelolaan-sampah-menumpuk/vendor/laravel/framework/src/Illuminate/Filesystem/Filesystem.php(124): Illuminate/Filesystem/Filesystem::{closure:Illuminate/Filesystem/Filesystem::getRequire():120}()
#8 C:/Users/NoxxalsGod/Documents/Pemograman Website/pengelolaan-sampah-menumpuk/vendor/laravel/framework/src/Illuminate/View/Engines/PhpEngine.php(57): Illuminate/Filesystem/Filesystem->getRequire()
#9 C:/Users/NoxxalsGod/Documents/Pemograman Website/pengelolaan-sampah-menumpuk/vendor/laravel/framework/src/Illuminate/View/Engines/CompilerEngine.php(76): Illuminate/View/Engines/PhpEngine->evaluatePath()
#10 C:/Users/NoxxalsGod/Documents/Pemograman Website/pengelolaan-sampah-menumpuk/vendor/laravel/framework/src/Illuminate/View/View.php(208): Illuminate/View/Engines/CompilerEngine->get()
#11 C:/Users/NoxxalsGod/Documents/Pemograman Website/pengelolaan-sampah-menumpuk/vendor/laravel/framework/src/Illuminate/View/View.php(191): Illuminate/View/View->getContents()
#12 C:/Users/NoxxalsGod/Documents/Pemograman Website/pengelolaan-sampah-menumpuk/vendor/laravel/framework/src/Illuminate/View/View.php(160): Illuminate/View/View->renderContents()
#13 C:/Users/NoxxalsGod/Documents/Pemograman Website/pengelolaan-sampah-menumpuk/storage/framework/views/bbc77f0e4414e087e0ed13f3c36bd639.php(18): Illuminate/View/View->render()
#14 C:/Users/NoxxalsGod/Documents/Pemograman Website/pengelolaan-sampah-menumpuk/vendor/laravel/framework/src/Illuminate/Filesystem/Filesystem.php(123): require('...')
#15 C:/Users/NoxxalsGod/Documents/Pemograman Website/pengelolaan-sampah-menumpuk/vendor/laravel/framework/src/Illuminate/Filesystem/Filesystem.php(124): Illuminate/Filesystem/Filesystem::{closure:Illuminate/Filesystem/Filesystem::getRequire():120}()
#16 C:/Users/NoxxalsGod/Documents/Pemograman Website/pengelolaan-sampah-menumpuk/vendor/laravel/framework/src/Illuminate/View/Engines/PhpEngine.php(57): Illuminate/Filesystem/Filesystem->getRequire()
#17 C:/Users/NoxxalsGod/Documents/Pemograman Website/pengelolaan-sampah-menumpuk/vendor/laravel/framework/src/Illuminate/View/Engines/CompilerEngine.php(76): Illuminate/View/Engines/PhpEngine->evaluatePath()
#18 C:/Users/NoxxalsGod/Documents/Pemograman Website/pengelolaan-sampah-menumpuk/vendor/laravel/framework/src/Illuminate/View/View.php(208): Illuminate/View/Engines/CompilerEngine->get()
#19 C:/Users/NoxxalsGod/Documents/Pemograman Website/pengelolaan-sampah-menumpuk/vendor/laravel/framework/src/Illuminate/View/View.php(191): Illuminate/View/View->getContents()
#20 C:/Users/NoxxalsGod/Documents/Pemograman Website/pengelolaan-sampah-menumpuk/vendor/laravel/framework/src/Illuminate/View/View.php(160): Illuminate/View/View->renderContents()
#21 C:/Users/NoxxalsGod/Documents/Pemograman Website/pengelolaan-sampah-menumpuk/vendor/laravel/framework/src/Illuminate/Http/Response.php(78): Illuminate/View/View->render()
#22 C:/Users/NoxxalsGod/Documents/Pemograman Website/pengelolaan-sampah-menumpuk/vendor/laravel/framework/src/Illuminate/Http/Response.php(34): Illuminate/Http/Response->setContent()
#23 C:/Users/NoxxalsGod/Documents/Pemograman Website/pengelolaan-sampah-menumpuk/vendor/laravel/framework/src/Illuminate/Routing/ResponseFactory.php(61): Illuminate/Http/Response->__construct()
#24 C:/Users/NoxxalsGod/Documents/Pemograman Website/pengelolaan-sampah-menumpuk/vendor/laravel/framework/src/Illuminate/Routing/ResponseFactory.php(91): Illuminate/Routing/ResponseFactory->make()
#25 C:/Users/NoxxalsGod/Documents/Pemograman Website/pengelolaan-sampah-menumpuk/routes/web.php(27): Illuminate/Routing/ResponseFactory->view()
#26 C:/Users/NoxxalsGod/Documents/Pemograman Website/pengelolaan-sampah-menumpuk/vendor/laravel/framework/src/Illuminate/Routing/CallableDispatcher.php(39): Illuminate/Routing/RouteFileRegistrar->{closure:C:/Users/NoxxalsGod/Documents/Pemograman Website/pengelolaan-sampah-menumpuk/routes/web.php:26}()
#27 C:/Users/NoxxalsGod/Documents/Pemograman Website/pengelolaan-sampah-menumpuk/vendor/laravel/framework/src/Illuminate/Routing/Route.php(243): Illuminate/Routing/CallableDispatcher->dispatch()
#28 C:/Users/NoxxalsGod/Documents/Pemograman Website/pengelolaan-sampah-menumpuk/vendor/laravel/framework/src/Illuminate/Routing/Route.php(214): Illuminate/Routing/Route->runCallable()
#29 C:/Users/NoxxalsGod/Documents/Pemograman Website/pengelolaan-sampah-menumpuk/vendor/laravel/framework/src/Illuminate/Routing/Router.php(822): Illuminate/Routing/Route->run()
#30 C:/Users/NoxxalsGod/Documents/Pemograman Website/pengelolaan-sampah-menumpuk/vendor/laravel/framework/src/Illuminate/Pipeline/Pipeline.php(180): Illuminate/Routing/Router->{closure:Illuminate/Routing/Router::runRouteWithinStack():821}()
#31 C:/Users/NoxxalsGod/Documents/Pemograman Website/pengelolaan-sampah-menumpuk/vendor/laravel/framework/src/Illuminate/Routing/Middleware/SubstituteBindings.php(50): Illuminate/Pipeline/Pipeline->{closure:Illuminate/Pipeline/Pipeline::prepareDestination():178}()
#32 C:/Users/NoxxalsGod/Documents/Pemograman Website/pengelolaan-sampah-menumpuk/vendor/laravel/framework/src/Illuminate/Pipeline/Pipeline.php(219): Illuminate/Routing/Middleware/SubstituteBindings->handle()
#33 C:/Users/NoxxalsGod/Documents/Pemograman Website/pengelolaan-sampah-menumpuk/vendor/laravel/framework/src/Illuminate/Foundation/Http/Middleware/VerifyCsrfToken.php(87): Illuminate/Pipeline/Pipeline->{closure:{closure:Illuminate/Pipeline/Pipeline::carry():194}:195}()
#34 C:/Users/NoxxalsGod/Documents/Pemograman Website/pengelolaan-sampah-menumpuk/vendor/laravel/framework/src/Illuminate/Pipeline/Pipeline.php(219): Illuminate/Foundation/Http/Middleware/VerifyCsrfToken->handle()
#35 C:/Users/NoxxalsGod/Documents/Pemograman Website/pengelolaan-sampah-menumpuk/vendor/laravel/framework/src/Illuminate/View/Middleware/ShareErrorsFromSession.php(48): Illuminate/Pipeline/Pipeline->{closure:{closure:Illuminate/Pipeline/Pipeline::carry():194}:195}()
#36 C:/Users/NoxxalsGod/Documents/Pemograman Website/pengelolaan-sampah-menumpuk/vendor/laravel/framework/src/Illuminate/Pipeline/Pipeline.php(219): Illuminate/View/Middleware/ShareErrorsFromSession->handle()
#37 C:/Users/NoxxalsGod/Documents/Pemograman Website/pengelolaan-sampah-menumpuk/vendor/laravel/framework/src/Illuminate/Session/Middleware/StartSession.php(120): Illuminate/Pipeline/Pipeline->{closure:{closure:Illuminate/Pipeline/Pipeline::carry():194}:195}()
#38 C:/Users/NoxxalsGod/Documents/Pemograman Website/pengelolaan-sampah-menumpuk/vendor/laravel/framework/src/Illuminate/Session/Middleware/StartSession.php(63): Illuminate/Session/Middleware/StartSession->handleStatefulRequest()
#39 C:/Users/NoxxalsGod/Documents/Pemograman Website/pengelolaan-sampah-menumpuk/vendor/laravel/framework/src/Illuminate/Pipeline/Pipeline.php(219): Illuminate/Session/Middleware/StartSession->handle()
#40 C:/Users/NoxxalsGod/Documents/Pemograman Website/pengelolaan-sampah-menumpuk/vendor/laravel/framework/src/Illuminate/Cookie/Middleware/AddQueuedCookiesToResponse.php(36): Illuminate/Pipeline/Pipeline->{closure:{closure:Illuminate/Pipeline/Pipeline::carry():194}:195}()
#41 C:/Users/NoxxalsGod/Documents/Pemograman Website/pengelolaan-sampah-menumpuk/vendor/laravel/framework/src/Illuminate/Pipeline/Pipeline.php(219): Illuminate/Cookie/Middleware/AddQueuedCookiesToResponse->handle()
#42 C:/Users/NoxxalsGod/Documents/Pemograman Website/pengelolaan-sampah-menumpuk/vendor/laravel/framework/src/Illuminate/Cookie/Middleware/EncryptCookies.php(74): Illuminate/Pipeline/Pipeline->{closure:{closure:Illuminate/Pipeline/Pipeline::carry():194}:195}()
#43 C:/Users/NoxxalsGod/Documents/Pemograman Website/pengelolaan-sampah-menumpuk/vendor/laravel/framework/src/Illuminate/Pipeline/Pipeline.php(219): Illuminate/Cookie/Middleware/EncryptCookies->handle()
#44 C:/Users/NoxxalsGod/Documents/Pemograman Website/pengelolaan-sampah-menumpuk/vendor/laravel/framework/src/Illuminate/Pipeline/Pipeline.php(137): Illuminate/Pipeline/Pipeline->{closure:{closure:Illuminate/Pipeline/Pipeline::carry():194}:195}()
#45 C:/Users/NoxxalsGod/Documents/Pemograman Website/pengelolaan-sampah-menumpuk/vendor/laravel/framework/src/Illuminate/Routing/Router.php(821): Illuminate/Pipeline/Pipeline->then()
#46 C:/Users/NoxxalsGod/Documents/Pemograman Website/pengelolaan-sampah-menumpuk/vendor/laravel/framework/src/Illuminate/Routing/Router.php(800): Illuminate/Routing/Router->runRouteWithinStack()
#47 C:/Users/NoxxalsGod/Documents/Pemograman Website/pengelolaan-sampah-menumpuk/vendor/laravel/framework/src/Illuminate/Routing/Router.php(764): Illuminate/Routing/Router->runRoute()
#48 C:/Users/NoxxalsGod/Documents/Pemograman Website/pengelolaan-sampah-menumpuk/vendor/laravel/framework/src/Illuminate/Routing/Router.php(753): Illuminate/Routing/Router->dispatchToRoute()
#49 C:/Users/NoxxalsGod/Documents/Pemograman Website/pengelolaan-sampah-menumpuk/vendor/laravel/framework/src/Illuminate/Foundation/Http/Kernel.php(200): Illuminate/Routing/Router->dispatch()
#50 C:/Users/NoxxalsGod/Documents/Pemograman Website/pengelolaan-sampah-menumpuk/vendor/laravel/framework/src/Illuminate/Pipeline/Pipeline.php(180): Illuminate/Foundation/Http/Kernel->{closure:Illuminate/Foundation/Http/Kernel::dispatchToRouter():197}()
#51 C:/Users/NoxxalsGod/Documents/Pemograman Website/pengelolaan-sampah-menumpuk/vendor/laravel/framework/src/Illuminate/Foundation/Http/Middleware/TransformsRequest.php(21): Illuminate/Pipeline/Pipeline->{closure:Illuminate/Pipeline/Pipeline::prepareDestination():178}()
#52 C:/Users/NoxxalsGod/Documents/Pemograman Website/pengelolaan-sampah-menumpuk/vendor/laravel/framework/src/Illuminate/Foundation/Http/Middleware/ConvertEmptyStringsToNull.php(31): Illuminate/Foundation/Http/Middleware/TransformsRequest->handle()
#53 C:/Users/NoxxalsGod/Documents/Pemograman Website/pengelolaan-sampah-menumpuk/vendor/laravel/framework/src/Illuminate/Pipeline/Pipeline.php(219): Illuminate/Foundation/Http/Middleware/ConvertEmptyStringsToNull->handle()
#54 C:/Users/NoxxalsGod/Documents/Pemograman Website/pengelolaan-sampah-menumpuk/vendor/laravel/framework/src/Illuminate/Foundation/Http/Middleware/TransformsRequest.php(21): Illuminate/Pipeline/Pipeline->{closure:{closure:Illuminate/Pipeline/Pipeline::carry():194}:195}()
#55 C:/Users/NoxxalsGod/Documents/Pemograman Website/pengelolaan-sampah-menumpuk/vendor/laravel/framework/src/Illuminate/Foundation/Http/Middleware/TrimStrings.php(51): Illuminate/Foundation/Http/Middleware/TransformsRequest->handle()
#56 C:/Users/NoxxalsGod/Documents/Pemograman Website/pengelolaan-sampah-menumpuk/vendor/laravel/framework/src/Illuminate/Pipeline/Pipeline.php(219): Illuminate/Foundation/Http/Middleware/TrimStrings->handle()
#57 C:/Users/NoxxalsGod/Documents/Pemograman Website/pengelolaan-sampah-menumpuk/vendor/laravel/framework/src/Illuminate/Http/Middleware/ValidatePostSize.php(27): Illuminate/Pipeline/Pipeline->{closure:{closure:Illuminate/Pipeline/Pipeline::carry():194}:195}()
#58 C:/Users/NoxxalsGod/Documents/Pemograman Website/pengelolaan-sampah-menumpuk/vendor/laravel/framework/src/Illuminate/Pipeline/Pipeline.php(219): Illuminate/Http/Middleware/ValidatePostSize->handle()
#59 C:/Users/NoxxalsGod/Documents/Pemograman Website/pengelolaan-sampah-menumpuk/vendor/laravel/framework/src/Illuminate/Foundation/Http/Middleware/PreventRequestsDuringMaintenance.php(109): Illuminate/Pipeline/Pipeline->{closure:{closure:Illuminate/Pipeline/Pipeline::carry():194}:195}()
#60 C:/Users/NoxxalsGod/Documents/Pemograman Website/pengelolaan-sampah-menumpuk/vendor/laravel/framework/src/Illuminate/Pipeline/Pipeline.php(219): Illuminate/Foundation/Http/Middleware/PreventRequestsDuringMaintenance->handle()
#61 C:/Users/NoxxalsGod/Documents/Pemograman Website/pengelolaan-sampah-menumpuk/vendor/laravel/framework/src/Illuminate/Http/Middleware/HandleCors.php(61): Illuminate/Pipeline/Pipeline->{closure:{closure:Illuminate/Pipeline/Pipeline::carry():194}:195}()
#62 C:/Users/NoxxalsGod/Documents/Pemograman Website/pengelolaan-sampah-menumpuk/vendor/laravel/framework/src/Illuminate/Pipeline/Pipeline.php(219): Illuminate/Http/Middleware/HandleCors->handle()
#63 C:/Users/NoxxalsGod/Documents/Pemograman Website/pengelolaan-sampah-menumpuk/vendor/laravel/framework/src/Illuminate/Http/Middleware/TrustProxies.php(58): Illuminate/Pipeline/Pipeline->{closure:{closure:Illuminate/Pipeline/Pipeline::carry():194}:195}()
#64 C:/Users/NoxxalsGod/Documents/Pemograman Website/pengelolaan-sampah-menumpuk/vendor/laravel/framework/src/Illuminate/Pipeline/Pipeline.php(219): Illuminate/Http/Middleware/TrustProxies->handle()
#65 C:/Users/NoxxalsGod/Documents/Pemograman Website/pengelolaan-sampah-menumpuk/vendor/laravel/framework/src/Illuminate/Pipeline/Pipeline.php(137): Illuminate/Pipeline/Pipeline->{closure:{closure:Illuminate/Pipeline/Pipeline::carry():194}:195}()
#66 C:/Users/NoxxalsGod/Documents/Pemograman Website/pengelolaan-sampah-menumpuk/vendor/laravel/framework/src/Illuminate/Foundation/Http/Kernel.php(175): Illuminate/Pipeline/Pipeline->then()
#67 C:/Users/NoxxalsGod/Documents/Pemograman Website/pengelolaan-sampah-menumpuk/vendor/laravel/framework/src/Illuminate/Foundation/Http/Kernel.php(144): Illuminate/Foundation/Http/Kernel->sendRequestThroughRouter()
#68 C:/Users/NoxxalsGod/Documents/Pemograman Website/pengelolaan-sampah-menumpuk/public/index.php(51): Illuminate/Foundation/Http/Kernel->handle()
#69 C:/Users/NoxxalsGod/Documents/Pemograman Website/pengelolaan-sampah-menumpuk/vendor/laravel/framework/src/Illuminate/Foundation/resources/server.php(23): require_once('...')
#70 {main}

[previous exception] [object] (Symfony\\Component\\Routing\\Exception\\RouteNotFoundException(code: 0): Route [penukaran-sampah] not defined. at C:/Users/NoxxalsGod/Documents/Pemograman Website/pengelolaan-sampah-menumpuk/vendor/laravel/framework/src/Illuminate/Routing/UrlGenerator.php:534)
[stacktrace]
#0 C:/Users/NoxxalsGod/Documents/Pemograman Website/pengelolaan-sampah-menumpuk/vendor/laravel/framework/src/Illuminate/Foundation/helpers.php(870): Illuminate/Routing/UrlGenerator->route()
#1 C:/Users/NoxxalsGod/Documents/Pemograman Website/pengelolaan-sampah-menumpuk/storage/framework/views/d553b39e4da9efe5863923fb47b741fe.php(22): route()
#2 C:/Users/NoxxalsGod/Documents/Pemograman Website/pengelolaan-sampah-menumpuk/vendor/laravel/framework/src/Illuminate/Filesystem/Filesystem.php(123): require('...')
#3 C:/Users/NoxxalsGod/Documents/Pemograman Website/pengelolaan-sampah-menumpuk/vendor/laravel/framework/src/Illuminate/Filesystem/Filesystem.php(124): Illuminate/Filesystem/Filesystem::{closure:Illuminate/Filesystem/Filesystem::getRequire():120}()
#4 C:/Users/NoxxalsGod/Documents/Pemograman Website/pengelolaan-sampah-menumpuk/vendor/laravel/framework/src/Illuminate/View/Engines/PhpEngine.php(57): Illuminate/Filesystem/Filesystem->getRequire()
#5 C:/Users/NoxxalsGod/Documents/Pemograman Website/pengelolaan-sampah-menumpuk/vendor/laravel/framework/src/Illuminate/View/Engines/CompilerEngine.php(76): Illuminate/View/Engines/PhpEngine->evaluatePath()
#6 C:/Users/NoxxalsGod/Documents/Pemograman Website/pengelolaan-sampah-menumpuk/vendor/laravel/framework/src/Illuminate/View/View.php(208): Illuminate/View/Engines/CompilerEngine->get()
#7 C:/Users/NoxxalsGod/Documents/Pemograman Website/pengelolaan-sampah-menumpuk/vendor/laravel/framework/src/Illuminate/View/View.php(191): Illuminate/View/View->getContents()
#8 C:/Users/NoxxalsGod/Documents/Pemograman Website/pengelolaan-sampah-menumpuk/vendor/laravel/framework/src/Illuminate/View/View.php(160): Illuminate/View/View->renderContents()
#9 C:/Users/NoxxalsGod/Documents/Pemograman Website/pengelolaan-sampah-menumpuk/storage/framework/views/2eb32062eca4b41f7b5b0ed9e6a6d433.php(23): Illuminate/View/View->render()
#10 C:/Users/NoxxalsGod/Documents/Pemograman Website/pengelolaan-sampah-menumpuk/vendor/laravel/framework/src/Illuminate/Filesystem/Filesystem.php(123): require('...')
#11 C:/Users/NoxxalsGod/Documents/Pemograman Website/pengelolaan-sampah-menumpuk/vendor/laravel/framework/src/Illuminate/Filesystem/Filesystem.php(124): Illuminate/Filesystem/Filesystem::{closure:Illuminate/Filesystem/Filesystem::getRequire():120}()
#12 C:/Users/NoxxalsGod/Documents/Pemograman Website/pengelolaan-sampah-menumpuk/vendor/laravel/framework/src/Illuminate/View/Engines/PhpEngine.php(57): Illuminate/Filesystem/Filesystem->getRequire()
#13 C:/Users/NoxxalsGod/Documents/Pemograman Website/pengelolaan-sampah-menumpuk/vendor/laravel/framework/src/Illuminate/View/Engines/CompilerEngine.php(76): Illuminate/View/Engines/PhpEngine->evaluatePath()
#14 C:/Users/NoxxalsGod/Documents/Pemograman Website/pengelolaan-sampah-menumpuk/vendor/laravel/framework/src/Illuminate/View/View.php(208): Illuminate/View/Engines/CompilerEngine->get()
#15 C:/Users/NoxxalsGod/Documents/Pemograman Website/pengelolaan-sampah-menumpuk/vendor/laravel/framework/src/Illuminate/View/View.php(191): Illuminate/View/View->getContents()
#16 C:/Users/NoxxalsGod/Documents/Pemograman Website/pengelolaan-sampah-menumpuk/vendor/laravel/framework/src/Illuminate/View/View.php(160): Illuminate/View/View->renderContents()
#17 C:/Users/NoxxalsGod/Documents/Pemograman Website/pengelolaan-sampah-menumpuk/storage/framework/views/bbc77f0e4414e087e0ed13f3c36bd639.php(18): Illuminate/View/View->render()
#18 C:/Users/NoxxalsGod/Documents/Pemograman Website/pengelolaan-sampah-menumpuk/vendor/laravel/framework/src/Illuminate/Filesystem/Filesystem.php(123): require('...')
#19 C:/Users/NoxxalsGod/Documents/Pemograman Website/pengelolaan-sampah-menumpuk/vendor/laravel/framework/src/Illuminate/Filesystem/Filesystem.php(124): Illuminate/Filesystem/Filesystem::{closure:Illuminate/Filesystem/Filesystem::getRequire():120}()
#20 C:/Users/NoxxalsGod/Documents/Pemograman Website/pengelolaan-sampah-menumpuk/vendor/laravel/framework/src/Illuminate/View/Engines/PhpEngine.php(57): Illuminate/Filesystem/Filesystem->getRequire()
#21 C:/Users/NoxxalsGod/Documents/Pemograman Website/pengelolaan-sampah-menumpuk/vendor/laravel/framework/src/Illuminate/View/Engines/CompilerEngine.php(76): Illuminate/View/Engines/PhpEngine->evaluatePath()
#22 C:/Users/NoxxalsGod/Documents/Pemograman Website/pengelolaan-sampah-menumpuk/vendor/laravel/framework/src/Illuminate/View/View.php(208): Illuminate/View/Engines/CompilerEngine->get()
#23 C:/Users/NoxxalsGod/Documents/Pemograman Website/pengelolaan-sampah-menumpuk/vendor/laravel/framework/src/Illuminate/View/View.php(191): Illuminate/View/View->getContents()
#24 C:/Users/NoxxalsGod/Documents/Pemograman Website/pengelolaan-sampah-menumpuk/vendor/laravel/framework/src/Illuminate/View/View.php(160): Illuminate/View/View->renderContents()
#25 C:/Users/NoxxalsGod/Documents/Pemograman Website/pengelolaan-sampah-menumpuk/vendor/laravel/framework/src/Illuminate/Http/Response.php(78): Illuminate/View/View->render()
#26 C:/Users/NoxxalsGod/Documents/Pemograman Website/pengelolaan-sampah-menumpuk/vendor/laravel/framework/src/Illuminate/Http/Response.php(34): Illuminate/Http/Response->setContent()
#27 C:/Users/NoxxalsGod/Documents/Pemograman Website/pengelolaan-sampah-menumpuk/vendor/laravel/framework/src/Illuminate/Routing/ResponseFactory.php(61): Illuminate/Http/Response->__construct()
#28 C:/Users/NoxxalsGod/Documents/Pemograman Website/pengelolaan-sampah-menumpuk/vendor/laravel/framework/src/Illuminate/Routing/ResponseFactory.php(91): Illuminate/Routing/ResponseFactory->make()
#29 C:/Users/NoxxalsGod/Documents/Pemograman Website/pengelolaan-sampah-menumpuk/routes/web.php(27): Illuminate/Routing/ResponseFactory->view()
#30 C:/Users/NoxxalsGod/Documents/Pemograman Website/pengelolaan-sampah-menumpuk/vendor/laravel/framework/src/Illuminate/Routing/CallableDispatcher.php(39): Illuminate/Routing/RouteFileRegistrar->{closure:C:/Users/NoxxalsGod/Documents/Pemograman Website/pengelolaan-sampah-menumpuk/routes/web.php:26}()
#31 C:/Users/NoxxalsGod/Documents/Pemograman Website/pengelolaan-sampah-menumpuk/vendor/laravel/framework/src/Illuminate/Routing/Route.php(243): Illuminate/Routing/CallableDispatcher->dispatch()
#32 C:/Users/NoxxalsGod/Documents/Pemograman Website/pengelolaan-sampah-menumpuk/vendor/laravel/framework/src/Illuminate/Routing/Route.php(214): Illuminate/Routing/Route->runCallable()
#33 C:/Users/NoxxalsGod/Documents/Pemograman Website/pengelolaan-sampah-menumpuk/vendor/laravel/framework/src/Illuminate/Routing/Router.php(822): Illuminate/Routing/Route->run()
#34 C:/Users/NoxxalsGod/Documents/Pemograman Website/pengelolaan-sampah-menumpuk/vendor/laravel/framework/src/Illuminate/Pipeline/Pipeline.php(180): Illuminate/Routing/Router->{closure:Illuminate/Routing/Router::runRouteWithinStack():821}()
#35 C:/Users/NoxxalsGod/Documents/Pemograman Website/pengelolaan-sampah-menumpuk/vendor/laravel/framework/src/Illuminate/Routing/Middleware/SubstituteBindings.php(50): Illuminate/Pipeline/Pipeline->{closure:Illuminate/Pipeline/Pipeline::prepareDestination():178}()
#36 C:/Users/NoxxalsGod/Documents/Pemograman Website/pengelolaan-sampah-menumpuk/vendor/laravel/framework/src/Illuminate/Pipeline/Pipeline.php(219): Illuminate/Routing/Middleware/SubstituteBindings->handle()
#37 C:/Users/NoxxalsGod/Documents/Pemograman Website/pengelolaan-sampah-menumpuk/vendor/laravel/framework/src/Illuminate/Foundation/Http/Middleware/VerifyCsrfToken.php(87): Illuminate/Pipeline/Pipeline->{closure:{closure:Illuminate/Pipeline/Pipeline::carry():194}:195}()
#38 C:/Users/NoxxalsGod/Documents/Pemograman Website/pengelolaan-sampah-menumpuk/vendor/laravel/framework/src/Illuminate/Pipeline/Pipeline.php(219): Illuminate/Foundation/Http/Middleware/VerifyCsrfToken->handle()
#39 C:/Users/NoxxalsGod/Documents/Pemograman Website/pengelolaan-sampah-menumpuk/vendor/laravel/framework/src/Illuminate/View/Middleware/ShareErrorsFromSession.php(48): Illuminate/Pipeline/Pipeline->{closure:{closure:Illuminate/Pipeline/Pipeline::carry():194}:195}()
#40 C:/Users/NoxxalsGod/Documents/Pemograman Website/pengelolaan-sampah-menumpuk/vendor/laravel/framework/src/Illuminate/Pipeline/Pipeline.php(219): Illuminate/View/Middleware/ShareErrorsFromSession->handle()
#41 C:/Users/NoxxalsGod/Documents/Pemograman Website/pengelolaan-sampah-menumpuk/vendor/laravel/framework/src/Illuminate/Session/Middleware/StartSession.php(120): Illuminate/Pipeline/Pipeline->{closure:{closure:Illuminate/Pipeline/Pipeline::carry():194}:195}()
#42 C:/Users/NoxxalsGod/Documents/Pemograman Website/pengelolaan-sampah-menumpuk/vendor/laravel/framework/src/Illuminate/Session/Middleware/StartSession.php(63): Illuminate/Session/Middleware/StartSession->handleStatefulRequest()
#43 C:/Users/NoxxalsGod/Documents/Pemograman Website/pengelolaan-sampah-menumpuk/vendor/laravel/framework/src/Illuminate/Pipeline/Pipeline.php(219): Illuminate/Session/Middleware/StartSession->handle()
#44 C:/Users/NoxxalsGod/Documents/Pemograman Website/pengelolaan-sampah-menumpuk/vendor/laravel/framework/src/Illuminate/Cookie/Middleware/AddQueuedCookiesToResponse.php(36): Illuminate/Pipeline/Pipeline->{closure:{closure:Illuminate/Pipeline/Pipeline::carry():194}:195}()
#45 C:/Users/NoxxalsGod/Documents/Pemograman Website/pengelolaan-sampah-menumpuk/vendor/laravel/framework/src/Illuminate/Pipeline/Pipeline.php(219): Illuminate/Cookie/Middleware/AddQueuedCookiesToResponse->handle()
#46 C:/Users/NoxxalsGod/Documents/Pemograman Website/pengelolaan-sampah-menumpuk/vendor/laravel/framework/src/Illuminate/Cookie/Middleware/EncryptCookies.php(74): Illuminate/Pipeline/Pipeline->{closure:{closure:Illuminate/Pipeline/Pipeline::carry():194}:195}()
#47 C:/Users/NoxxalsGod/Documents/Pemograman Website/pengelolaan-sampah-menumpuk/vendor/laravel/framework/src/Illuminate/Pipeline/Pipeline.php(219): Illuminate/Cookie/Middleware/EncryptCookies->handle()
#48 C:/Users/NoxxalsGod/Documents/Pemograman Website/pengelolaan-sampah-menumpuk/vendor/laravel/framework/src/Illuminate/Pipeline/Pipeline.php(137): Illuminate/Pipeline/Pipeline->{closure:{closure:Illuminate/Pipeline/Pipeline::carry():194}:195}()
#49 C:/Users/NoxxalsGod/Documents/Pemograman Website/pengelolaan-sampah-menumpuk/vendor/laravel/framework/src/Illuminate/Routing/Router.php(821): Illuminate/Pipeline/Pipeline->then()
#50 C:/Users/NoxxalsGod/Documents/Pemograman Website/pengelolaan-sampah-menumpuk/vendor/laravel/framework/src/Illuminate/Routing/Router.php(800): Illuminate/Routing/Router->runRouteWithinStack()
#51 C:/Users/NoxxalsGod/Documents/Pemograman Website/pengelolaan-sampah-menumpuk/vendor/laravel/framework/src/Illuminate/Routing/Router.php(764): Illuminate/Routing/Router->runRoute()
#52 C:/Users/NoxxalsGod/Documents/Pemograman Website/pengelolaan-sampah-menumpuk/vendor/laravel/framework/src/Illuminate/Routing/Router.php(753): Illuminate/Routing/Router->dispatchToRoute()
#53 C:/Users/NoxxalsGod/Documents/Pemograman Website/pengelolaan-sampah-menumpuk/vendor/laravel/framework/src/Illuminate/Foundation/Http/Kernel.php(200): Illuminate/Routing/Router->dispatch()
#54 C:/Users/NoxxalsGod/Documents/Pemograman Website/pengelolaan-sampah-menumpuk/vendor/laravel/framework/src/Illuminate/Pipeline/Pipeline.php(180): Illuminate/Foundation/Http/Kernel->{closure:Illuminate/Foundation/Http/Kernel::dispatchToRouter():197}()
#55 C:/Users/NoxxalsGod/Documents/Pemograman Website/pengelolaan-sampah-menumpuk/vendor/laravel/framework/src/Illuminate/Foundation/Http/Middleware/TransformsRequest.php(21): Illuminate/Pipeline/Pipeline->{closure:Illuminate/Pipeline/Pipeline::prepareDestination():178}()
#56 C:/Users/NoxxalsGod/Documents/Pemograman Website/pengelolaan-sampah-menumpuk/vendor/laravel/framework/src/Illuminate/Foundation/Http/Middleware/ConvertEmptyStringsToNull.php(31): Illuminate/Foundation/Http/Middleware/TransformsRequest->handle()
#57 C:/Users/NoxxalsGod/Documents/Pemograman Website/pengelolaan-sampah-menumpuk/vendor/laravel/framework/src/Illuminate/Pipeline/Pipeline.php(219): Illuminate/Foundation/Http/Middleware/ConvertEmptyStringsToNull->handle()
#58 C:/Users/NoxxalsGod/Documents/Pemograman Website/pengelolaan-sampah-menumpuk/vendor/laravel/framework/src/Illuminate/Foundation/Http/Middleware/TransformsRequest.php(21): Illuminate/Pipeline/Pipeline->{closure:{closure:Illuminate/Pipeline/Pipeline::carry():194}:195}()
#59 C:/Users/NoxxalsGod/Documents/Pemograman Website/pengelolaan-sampah-menumpuk/vendor/laravel/framework/src/Illuminate/Foundation/Http/Middleware/TrimStrings.php(51): Illuminate/Foundation/Http/Middleware/TransformsRequest->handle()
#60 C:/Users/NoxxalsGod/Documents/Pemograman Website/pengelolaan-sampah-menumpuk/vendor/laravel/framework/src/Illuminate/Pipeline/Pipeline.php(219): Illuminate/Foundation/Http/Middleware/TrimStrings->handle()
#61 C:/Users/NoxxalsGod/Documents/Pemograman Website/pengelolaan-sampah-menumpuk/vendor/laravel/framework/src/Illuminate/Http/Middleware/ValidatePostSize.php(27): Illuminate/Pipeline/Pipeline->{closure:{closure:Illuminate/Pipeline/Pipeline::carry():194}:195}()
#62 C:/Users/NoxxalsGod/Documents/Pemograman Website/pengelolaan-sampah-menumpuk/vendor/laravel/framework/src/Illuminate/Pipeline/Pipeline.php(219): Illuminate/Http/Middleware/ValidatePostSize->handle()
#63 C:/Users/NoxxalsGod/Documents/Pemograman Website/pengelolaan-sampah-menumpuk/vendor/laravel/framework/src/Illuminate/Foundation/Http/Middleware/PreventRequestsDuringMaintenance.php(109): Illuminate/Pipeline/Pipeline->{closure:{closure:Illuminate/Pipeline/Pipeline::carry():194}:195}()
#64 C:/Users/NoxxalsGod/Documents/Pemograman Website/pengelolaan-sampah-menumpuk/vendor/laravel/framework/src/Illuminate/Pipeline/Pipeline.php(219): Illuminate/Foundation/Http/Middleware/PreventRequestsDuringMaintenance->handle()
#65 C:/Users/NoxxalsGod/Documents/Pemograman Website/pengelolaan-sampah-menumpuk/vendor/laravel/framework/src/Illuminate/Http/Middleware/HandleCors.php(61): Illuminate/Pipeline/Pipeline->{closure:{closure:Illuminate/Pipeline/Pipeline::carry():194}:195}()
#66 C:/Users/NoxxalsGod/Documents/Pemograman Website/pengelolaan-sampah-menumpuk/vendor/laravel/framework/src/Illuminate/Pipeline/Pipeline.php(219): Illuminate/Http/Middleware/HandleCors->handle()
#67 C:/Users/NoxxalsGod/Documents/Pemograman Website/pengelolaan-sampah-menumpuk/vendor/laravel/framework/src/Illuminate/Http/Middleware/TrustProxies.php(58): Illuminate/Pipeline/Pipeline->{closure:{closure:Illuminate/Pipeline/Pipeline::carry():194}:195}()
#68 C:/Users/NoxxalsGod/Documents/Pemograman Website/pengelolaan-sampah-menumpuk/vendor/laravel/framework/src/Illuminate/Pipeline/Pipeline.php(219): Illuminate/Http/Middleware/TrustProxies->handle()
#69 C:/Users/NoxxalsGod/Documents/Pemograman Website/pengelolaan-sampah-menumpuk/vendor/laravel/framework/src/Illuminate/Pipeline/Pipeline.php(137): Illuminate/Pipeline/Pipeline->{closure:{closure:Illuminate/Pipeline/Pipeline::carry():194}:195}()
#70 C:/Users/NoxxalsGod/Documents/Pemograman Website/pengelolaan-sampah-menumpuk/vendor/laravel/framework/src/Illuminate/Foundation/Http/Kernel.php(175): Illuminate/Pipeline/Pipeline->then()
#71 C:/Users/NoxxalsGod/Documents/Pemograman Website/pengelolaan-sampah-menumpuk/vendor/laravel/framework/src/Illuminate/Foundation/Http/Kernel.php(144): Illuminate/Foundation/Http/Kernel->sendRequestThroughRouter()
#72 C:/Users/NoxxalsGod/Documents/Pemograman Website/pengelolaan-sampah-menumpuk/public/index.php(51): Illuminate/Foundation/Http/Kernel->handle()
#73 C:/Users/NoxxalsGod/Documents/Pemograman Website/pengelolaan-sampah-menumpuk/vendor/laravel/framework/src/Illuminate/Foundation/resources/server.php(23): require_once('...')
#74 {main}
"} 
[2026-07-12 20:03:29] local.ERROR: Route [penukaran-sampah] not defined. (View: C:\Users\NoxxalsGod\Documents\Pemograman Website\pengelolaan-sampah-menumpuk\resources\views\components\navbar.blade.php) (View: C:\Users\NoxxalsGod\Documents\Pemograman Website\pengelolaan-sampah-menumpuk\resources\views\components\navbar.blade.php) (View: C:\Users\NoxxalsGod\Documents\Pemograman Website\pengelolaan-sampah-menumpuk\resources\views\components\navbar.blade.php) {"userId":1,"exception":"[object] (Illuminate\\View\\ViewException(code: 0): Route [penukaran-sampah] not defined. (View: C:\\Users\\NoxxalsGod\\Documents\\Pemograman Website\\pengelolaan-sampah-menumpuk\\resources\\views\\components\\navbar.blade.php) (View: C:\\Users\\NoxxalsGod\\Documents\\Pemograman Website\\pengelolaan-sampah-menumpuk\\resources\\views\\components\\navbar.blade.php) (View: C:\\Users\\NoxxalsGod\\Documents\\Pemograman Website\\pengelolaan-sampah-menumpuk\\resources\\views\\components\\navbar.blade.php) at C:/Users/NoxxalsGod/Documents/Pemograman Website/pengelolaan-sampah-menumpuk/vendor/laravel/framework/src/Illuminate/Routing/UrlGenerator.php:534)
[stacktrace]
#0 C:/Users/NoxxalsGod/Documents/Pemograman Website/pengelolaan-sampah-menumpuk/vendor/laravel/framework/src/Illuminate/View/Engines/PhpEngine.php(59): Illuminate/View/Engines/CompilerEngine->handleViewException()
#1 C:/Users/NoxxalsGod/Documents/Pemograman Website/pengelolaan-sampah-menumpuk/vendor/laravel/framework/src/Illuminate/View/Engines/CompilerEngine.php(76): Illuminate/View/Engines/PhpEngine->evaluatePath()
#2 C:/Users/NoxxalsGod/Documents/Pemograman Website/pengelolaan-sampah-menumpuk/vendor/laravel/framework/src/Illuminate/View/View.php(208): Illuminate/View/Engines/CompilerEngine->get()
#3 C:/Users/NoxxalsGod/Documents/Pemograman Website/pengelolaan-sampah-menumpuk/vendor/laravel/framework/src/Illuminate/View/View.php(191): Illuminate/View/View->getContents()
#4 C:/Users/NoxxalsGod/Documents/Pemograman Website/pengelolaan-sampah-menumpuk/vendor/laravel/framework/src/Illuminate/View/View.php(160): Illuminate/View/View->renderContents()
#5 C:/Users/NoxxalsGod/Documents/Pemograman Website/pengelolaan-sampah-menumpuk/vendor/laravel/framework/src/Illuminate/Http/Response.php(78): Illuminate/View/View->render()
#6 C:/Users/NoxxalsGod/Documents/Pemograman Website/pengelolaan-sampah-menumpuk/vendor/laravel/framework/src/Illuminate/Http/Response.php(34): Illuminate/Http/Response->setContent()
#7 C:/Users/NoxxalsGod/Documents/Pemograman Website/pengelolaan-sampah-menumpuk/vendor/laravel/framework/src/Illuminate/Routing/ResponseFactory.php(61): Illuminate/Http/Response->__construct()
#8 C:/Users/NoxxalsGod/Documents/Pemograman Website/pengelolaan-sampah-menumpuk/vendor/laravel/framework/src/Illuminate/Routing/ResponseFactory.php(91): Illuminate/Routing/ResponseFactory->make()
#9 C:/Users/NoxxalsGod/Documents/Pemograman Website/pengelolaan-sampah-menumpuk/routes/web.php(27): Illuminate/Routing/ResponseFactory->view()
#10 C:/Users/NoxxalsGod/Documents/Pemograman Website/pengelolaan-sampah-menumpuk/vendor/laravel/framework/src/Illuminate/Routing/CallableDispatcher.php(39): Illuminate/Routing/RouteFileRegistrar->{closure:C:/Users/NoxxalsGod/Documents/Pemograman Website/pengelolaan-sampah-menumpuk/routes/web.php:26}()
#11 C:/Users/NoxxalsGod/Documents/Pemograman Website/pengelolaan-sampah-menumpuk/vendor/laravel/framework/src/Illuminate/Routing/Route.php(243): Illuminate/Routing/CallableDispatcher->dispatch()
#12 C:/Users/NoxxalsGod/Documents/Pemograman Website/pengelolaan-sampah-menumpuk/vendor/laravel/framework/src/Illuminate/Routing/Route.php(214): Illuminate/Routing/Route->runCallable()
#13 C:/Users/NoxxalsGod/Documents/Pemograman Website/pengelolaan-sampah-menumpuk/vendor/laravel/framework/src/Illuminate/Routing/Router.php(822): Illuminate/Routing/Route->run()
#14 C:/Users/NoxxalsGod/Documents/Pemograman Website/pengelolaan-sampah-menumpuk/vendor/laravel/framework/src/Illuminate/Pipeline/Pipeline.php(180): Illuminate/Routing/Router->{closure:Illuminate/Routing/Router::runRouteWithinStack():821}()
#15 C:/Users/NoxxalsGod/Documents/Pemograman Website/pengelolaan-sampah-menumpuk/vendor/laravel/framework/src/Illuminate/Routing/Middleware/SubstituteBindings.php(50): Illuminate/Pipeline/Pipeline->{closure:Illuminate/Pipeline/Pipeline::prepareDestination():178}()
#16 C:/Users/NoxxalsGod/Documents/Pemograman Website/pengelolaan-sampah-menumpuk/vendor/laravel/framework/src/Illuminate/Pipeline/Pipeline.php(219): Illuminate/Routing/Middleware/SubstituteBindings->handle()
#17 C:/Users/NoxxalsGod/Documents/Pemograman Website/pengelolaan-sampah-menumpuk/vendor/laravel/framework/src/Illuminate/Foundation/Http/Middleware/VerifyCsrfToken.php(87): Illuminate/Pipeline/Pipeline->{closure:{closure:Illuminate/Pipeline/Pipeline::carry():194}:195}()
#18 C:/Users/NoxxalsGod/Documents/Pemograman Website/pengelolaan-sampah-menumpuk/vendor/laravel/framework/src/Illuminate/Pipeline/Pipeline.php(219): Illuminate/Foundation/Http/Middleware/VerifyCsrfToken->handle()
#19 C:/Users/NoxxalsGod/Documents/Pemograman Website/pengelolaan-sampah-menumpuk/vendor/laravel/framework/src/Illuminate/View/Middleware/ShareErrorsFromSession.php(48): Illuminate/Pipeline/Pipeline->{closure:{closure:Illuminate/Pipeline/Pipeline::carry():194}:195}()
#20 C:/Users/NoxxalsGod/Documents/Pemograman Website/pengelolaan-sampah-menumpuk/vendor/laravel/framework/src/Illuminate/Pipeline/Pipeline.php(219): Illuminate/View/Middleware/ShareErrorsFromSession->handle()
#21 C:/Users/NoxxalsGod/Documents/Pemograman Website/pengelolaan-sampah-menumpuk/vendor/laravel/framework/src/Illuminate/Session/Middleware/StartSession.php(120): Illuminate/Pipeline/Pipeline->{closure:{closure:Illuminate/Pipeline/Pipeline::carry():194}:195}()
#22 C:/Users/NoxxalsGod/Documents/Pemograman Website/pengelolaan-sampah-menumpuk/vendor/laravel/framework/src/Illuminate/Session/Middleware/StartSession.php(63): Illuminate/Session/Middleware/StartSession->handleStatefulRequest()
#23 C:/Users/NoxxalsGod/Documents/Pemograman Website/pengelolaan-sampah-menumpuk/vendor/laravel/framework/src/Illuminate/Pipeline/Pipeline.php(219): Illuminate/Session/Middleware/StartSession->handle()
#24 C:/Users/NoxxalsGod/Documents/Pemograman Website/pengelolaan-sampah-menumpuk/vendor/laravel/framework/src/Illuminate/Cookie/Middleware/AddQueuedCookiesToResponse.php(36): Illuminate/Pipeline/Pipeline->{closure:{closure:Illuminate/Pipeline/Pipeline::carry():194}:195}()
#25 C:/Users/NoxxalsGod/Documents/Pemograman Website/pengelolaan-sampah-menumpuk/vendor/laravel/framework/src/Illuminate/Pipeline/Pipeline.php(219): Illuminate/Cookie/Middleware/AddQueuedCookiesToResponse->handle()
#26 C:/Users/NoxxalsGod/Documents/Pemograman Website/pengelolaan-sampah-menumpuk/vendor/laravel/framework/src/Illuminate/Cookie/Middleware/EncryptCookies.php(74): Illuminate/Pipeline/Pipeline->{closure:{closure:Illuminate/Pipeline/Pipeline::carry():194}:195}()
#27 C:/Users/NoxxalsGod/Documents/Pemograman Website/pengelolaan-sampah-menumpuk/vendor/laravel/framework/src/Illuminate/Pipeline/Pipeline.php(219): Illuminate/Cookie/Middleware/EncryptCookies->handle()
#28 C:/Users/NoxxalsGod/Documents/Pemograman Website/pengelolaan-sampah-menumpuk/vendor/laravel/framework/src/Illuminate/Pipeline/Pipeline.php(137): Illuminate/Pipeline/Pipeline->{closure:{closure:Illuminate/Pipeline/Pipeline::carry():194}:195}()
#29 C:/Users/NoxxalsGod/Documents/Pemograman Website/pengelolaan-sampah-menumpuk/vendor/laravel/framework/src/Illuminate/Routing/Router.php(821): Illuminate/Pipeline/Pipeline->then()
#30 C:/Users/NoxxalsGod/Documents/Pemograman Website/pengelolaan-sampah-menumpuk/vendor/laravel/framework/src/Illuminate/Routing/Router.php(800): Illuminate/Routing/Router->runRouteWithinStack()
#31 C:/Users/NoxxalsGod/Documents/Pemograman Website/pengelolaan-sampah-menumpuk/vendor/laravel/framework/src/Illuminate/Routing/Router.php(764): Illuminate/Routing/Router->runRoute()
#32 C:/Users/NoxxalsGod/Documents/Pemograman Website/pengelolaan-sampah-menumpuk/vendor/laravel/framework/src/Illuminate/Routing/Router.php(753): Illuminate/Routing/Router->dispatchToRoute()
#33 C:/Users/NoxxalsGod/Documents/Pemograman Website/pengelolaan-sampah-menumpuk/vendor/laravel/framework/src/Illuminate/Foundation/Http/Kernel.php(200): Illuminate/Routing/Router->dispatch()
#34 C:/Users/NoxxalsGod/Documents/Pemograman Website/pengelolaan-sampah-menumpuk/vendor/laravel/framework/src/Illuminate/Pipeline/Pipeline.php(180): Illuminate/Foundation/Http/Kernel->{closure:Illuminate/Foundation/Http/Kernel::dispatchToRouter():197}()
#35 C:/Users/NoxxalsGod/Documents/Pemograman Website/pengelolaan-sampah-menumpuk/vendor/laravel/framework/src/Illuminate/Foundation/Http/Middleware/TransformsRequest.php(21): Illuminate/Pipeline/Pipeline->{closure:Illuminate/Pipeline/Pipeline::prepareDestination():178}()
#36 C:/Users/NoxxalsGod/Documents/Pemograman Website/pengelolaan-sampah-menumpuk/vendor/laravel/framework/src/Illuminate/Foundation/Http/Middleware/ConvertEmptyStringsToNull.php(31): Illuminate/Foundation/Http/Middleware/TransformsRequest->handle()
#37 C:/Users/NoxxalsGod/Documents/Pemograman Website/pengelolaan-sampah-menumpuk/vendor/laravel/framework/src/Illuminate/Pipeline/Pipeline.php(219): Illuminate/Foundation/Http/Middleware/ConvertEmptyStringsToNull->handle()
#38 C:/Users/NoxxalsGod/Documents/Pemograman Website/pengelolaan-sampah-menumpuk/vendor/laravel/framework/src/Illuminate/Foundation/Http/Middleware/TransformsRequest.php(21): Illuminate/Pipeline/Pipeline->{closure:{closure:Illuminate/Pipeline/Pipeline::carry():194}:195}()
#39 C:/Users/NoxxalsGod/Documents/Pemograman Website/pengelolaan-sampah-menumpuk/vendor/laravel/framework/src/Illuminate/Foundation/Http/Middleware/TrimStrings.php(51): Illuminate/Foundation/Http/Middleware/TransformsRequest->handle()
#40 C:/Users/NoxxalsGod/Documents/Pemograman Website/pengelolaan-sampah-menumpuk/vendor/laravel/framework/src/Illuminate/Pipeline/Pipeline.php(219): Illuminate/Foundation/Http/Middleware/TrimStrings->handle()
#41 C:/Users/NoxxalsGod/Documents/Pemograman Website/pengelolaan-sampah-menumpuk/vendor/laravel/framework/src/Illuminate/Http/Middleware/ValidatePostSize.php(27): Illuminate/Pipeline/Pipeline->{closure:{closure:Illuminate/Pipeline/Pipeline::carry():194}:195}()
#42 C:/Users/NoxxalsGod/Documents/Pemograman Website/pengelolaan-sampah-menumpuk/vendor/laravel/framework/src/Illuminate/Pipeline/Pipeline.php(219): Illuminate/Http/Middleware/ValidatePostSize->handle()
#43 C:/Users/NoxxalsGod/Documents/Pemograman Website/pengelolaan-sampah-menumpuk/vendor/laravel/framework/src/Illuminate/Foundation/Http/Middleware/PreventRequestsDuringMaintenance.php(109): Illuminate/Pipeline/Pipeline->{closure:{closure:Illuminate/Pipeline/Pipeline::carry():194}:195}()
#44 C:/Users/NoxxalsGod/Documents/Pemograman Website/pengelolaan-sampah-menumpuk/vendor/laravel/framework/src/Illuminate/Pipeline/Pipeline.php(219): Illuminate/Foundation/Http/Middleware/PreventRequestsDuringMaintenance->handle()
#45 C:/Users/NoxxalsGod/Documents/Pemograman Website/pengelolaan-sampah-menumpuk/vendor/laravel/framework/src/Illuminate/Http/Middleware/HandleCors.php(61): Illuminate/Pipeline/Pipeline->{closure:{closure:Illuminate/Pipeline/Pipeline::carry():194}:195}()
#46 C:/Users/NoxxalsGod/Documents/Pemograman Website/pengelolaan-sampah-menumpuk/vendor/laravel/framework/src/Illuminate/Pipeline/Pipeline.php(219): Illuminate/Http/Middleware/HandleCors->handle()
#47 C:/Users/NoxxalsGod/Documents/Pemograman Website/pengelolaan-sampah-menumpuk/vendor/laravel/framework/src/Illuminate/Http/Middleware/TrustProxies.php(58): Illuminate/Pipeline/Pipeline->{closure:{closure:Illuminate/Pipeline/Pipeline::carry():194}:195}()
#48 C:/Users/NoxxalsGod/Documents/Pemograman Website/pengelolaan-sampah-menumpuk/vendor/laravel/framework/src/Illuminate/Pipeline/Pipeline.php(219): Illuminate/Http/Middleware/TrustProxies->handle()
#49 C:/Users/NoxxalsGod/Documents/Pemograman Website/pengelolaan-sampah-menumpuk/vendor/laravel/framework/src/Illuminate/Pipeline/Pipeline.php(137): Illuminate/Pipeline/Pipeline->{closure:{closure:Illuminate/Pipeline/Pipeline::carry():194}:195}()
#50 C:/Users/NoxxalsGod/Documents/Pemograman Website/pengelolaan-sampah-menumpuk/vendor/laravel/framework/src/Illuminate/Foundation/Http/Kernel.php(175): Illuminate/Pipeline/Pipeline->then()
#51 C:/Users/NoxxalsGod/Documents/Pemograman Website/pengelolaan-sampah-menumpuk/vendor/laravel/framework/src/Illuminate/Foundation/Http/Kernel.php(144): Illuminate/Foundation/Http/Kernel->sendRequestThroughRouter()
#52 C:/Users/NoxxalsGod/Documents/Pemograman Website/pengelolaan-sampah-menumpuk/public/index.php(51): Illuminate/Foundation/Http/Kernel->handle()
#53 C:/Users/NoxxalsGod/Documents/Pemograman Website/pengelolaan-sampah-menumpuk/vendor/laravel/framework/src/Illuminate/Foundation/resources/server.php(23): require_once('...')
#54 {main}

[previous exception] [object] (Illuminate\\View\\ViewException(code: 0): Route [penukaran-sampah] not defined. (View: C:\\Users\\NoxxalsGod\\Documents\\Pemograman Website\\pengelolaan-sampah-menumpuk\\resources\\views\\components\\navbar.blade.php) (View: C:\\Users\\NoxxalsGod\\Documents\\Pemograman Website\\pengelolaan-sampah-menumpuk\\resources\\views\\components\\navbar.blade.php) at C:/Users/NoxxalsGod/Documents/Pemograman Website/pengelolaan-sampah-menumpuk/vendor/laravel/framework/src/Illuminate/Routing/UrlGenerator.php:534)
[stacktrace]
#0 C:/Users/NoxxalsGod/Documents/Pemograman Website/pengelolaan-sampah-menumpuk/vendor/laravel/framework/src/Illuminate/View/Engines/PhpEngine.php(59): Illuminate/View/Engines/CompilerEngine->handleViewException()
#1 C:/Users/NoxxalsGod/Documents/Pemograman Website/pengelolaan-sampah-menumpuk/vendor/laravel/framework/src/Illuminate/View/Engines/CompilerEngine.php(76): Illuminate/View/Engines/PhpEngine->evaluatePath()
#2 C:/Users/NoxxalsGod/Documents/Pemograman Website/pengelolaan-sampah-menumpuk/vendor/laravel/framework/src/Illuminate/View/View.php(208): Illuminate/View/Engines/CompilerEngine->get()
#3 C:/Users/NoxxalsGod/Documents/Pemograman Website/pengelolaan-sampah-menumpuk/vendor/laravel/framework/src/Illuminate/View/View.php(191): Illuminate/View/View->getContents()
#4 C:/Users/NoxxalsGod/Documents/Pemograman Website/pengelolaan-sampah-menumpuk/vendor/laravel/framework/src/Illuminate/View/View.php(160): Illuminate/View/View->renderContents()
#5 C:/Users/NoxxalsGod/Documents/Pemograman Website/pengelolaan-sampah-menumpuk/storage/framework/views/bbc77f0e4414e087e0ed13f3c36bd639.php(18): Illuminate/View/View->render()
#6 C:/Users/NoxxalsGod/Documents/Pemograman Website/pengelolaan-sampah-menumpuk/vendor/laravel/framework/src/Illuminate/Filesystem/Filesystem.php(123): require('...')
#7 C:/Users/NoxxalsGod/Documents/Pemograman Website/pengelolaan-sampah-menumpuk/vendor/laravel/framework/src/Illuminate/Filesystem/Filesystem.php(124): Illuminate/Filesystem/Filesystem::{closure:Illuminate/Filesystem/Filesystem::getRequire():120}()
#8 C:/Users/NoxxalsGod/Documents/Pemograman Website/pengelolaan-sampah-menumpuk/vendor/laravel/framework/src/Illuminate/View/Engines/PhpEngine.php(57): Illuminate/Filesystem/Filesystem->getRequire()
#9 C:/Users/NoxxalsGod/Documents/Pemograman Website/pengelolaan-sampah-menumpuk/vendor/laravel/framework/src/Illuminate/View/Engines/CompilerEngine.php(76): Illuminate/View/Engines/PhpEngine->evaluatePath()
#10 C:/Users/NoxxalsGod/Documents/Pemograman Website/pengelolaan-sampah-menumpuk/vendor/laravel/framework/src/Illuminate/View/View.php(208): Illuminate/View/Engines/CompilerEngine->get()
#11 C:/Users/NoxxalsGod/Documents/Pemograman Website/pengelolaan-sampah-menumpuk/vendor/laravel/framework/src/Illuminate/View/View.php(191): Illuminate/View/View->getContents()
#12 C:/Users/NoxxalsGod/Documents/Pemograman Website/pengelolaan-sampah-menumpuk/vendor/laravel/framework/src/Illuminate/View/View.php(160): Illuminate/View/View->renderContents()
#13 C:/Users/NoxxalsGod/Documents/Pemograman Website/pengelolaan-sampah-menumpuk/vendor/laravel/framework/src/Illuminate/Http/Response.php(78): Illuminate/View/View->render()
#14 C:/Users/NoxxalsGod/Documents/Pemograman Website/pengelolaan-sampah-menumpuk/vendor/laravel/framework/src/Illuminate/Http/Response.php(34): Illuminate/Http/Response->setContent()
#15 C:/Users/NoxxalsGod/Documents/Pemograman Website/pengelolaan-sampah-menumpuk/vendor/laravel/framework/src/Illuminate/Routing/ResponseFactory.php(61): Illuminate/Http/Response->__construct()
#16 C:/Users/NoxxalsGod/Documents/Pemograman Website/pengelolaan-sampah-menumpuk/vendor/laravel/framework/src/Illuminate/Routing/ResponseFactory.php(91): Illuminate/Routing/ResponseFactory->make()
#17 C:/Users/NoxxalsGod/Documents/Pemograman Website/pengelolaan-sampah-menumpuk/routes/web.php(27): Illuminate/Routing/ResponseFactory->view()
#18 C:/Users/NoxxalsGod/Documents/Pemograman Website/pengelolaan-sampah-menumpuk/vendor/laravel/framework/src/Illuminate/Routing/CallableDispatcher.php(39): Illuminate/Routing/RouteFileRegistrar->{closure:C:/Users/NoxxalsGod/Documents/Pemograman Website/pengelolaan-sampah-menumpuk/routes/web.php:26}()
#19 C:/Users/NoxxalsGod/Documents/Pemograman Website/pengelolaan-sampah-menumpuk/vendor/laravel/framework/src/Illuminate/Routing/Route.php(243): Illuminate/Routing/CallableDispatcher->dispatch()
#20 C:/Users/NoxxalsGod/Documents/Pemograman Website/pengelolaan-sampah-menumpuk/vendor/laravel/framework/src/Illuminate/Routing/Route.php(214): Illuminate/Routing/Route->runCallable()
#21 C:/Users/NoxxalsGod/Documents/Pemograman Website/pengelolaan-sampah-menumpuk/vendor/laravel/framework/src/Illuminate/Routing/Router.php(822): Illuminate/Routing/Route->run()
#22 C:/Users/NoxxalsGod/Documents/Pemograman Website/pengelolaan-sampah-menumpuk/vendor/laravel/framework/src/Illuminate/Pipeline/Pipeline.php(180): Illuminate/Routing/Router->{closure:Illuminate/Routing/Router::runRouteWithinStack():821}()
#23 C:/Users/NoxxalsGod/Documents/Pemograman Website/pengelolaan-sampah-menumpuk/vendor/laravel/framework/src/Illuminate/Routing/Middleware/SubstituteBindings.php(50): Illuminate/Pipeline/Pipeline->{closure:Illuminate/Pipeline/Pipeline::prepareDestination():178}()
#24 C:/Users/NoxxalsGod/Documents/Pemograman Website/pengelolaan-sampah-menumpuk/vendor/laravel/framework/src/Illuminate/Pipeline/Pipeline.php(219): Illuminate/Routing/Middleware/SubstituteBindings->handle()
#25 C:/Users/NoxxalsGod/Documents/Pemograman Website/pengelolaan-sampah-menumpuk/vendor/laravel/framework/src/Illuminate/Foundation/Http/Middleware/VerifyCsrfToken.php(87): Illuminate/Pipeline/Pipeline->{closure:{closure:Illuminate/Pipeline/Pipeline::carry():194}:195}()
#26 C:/Users/NoxxalsGod/Documents/Pemograman Website/pengelolaan-sampah-menumpuk/vendor/laravel/framework/src/Illuminate/Pipeline/Pipeline.php(219): Illuminate/Foundation/Http/Middleware/VerifyCsrfToken->handle()
#27 C:/Users/NoxxalsGod/Documents/Pemograman Website/pengelolaan-sampah-menumpuk/vendor/laravel/framework/src/Illuminate/View/Middleware/ShareErrorsFromSession.php(48): Illuminate/Pipeline/Pipeline->{closure:{closure:Illuminate/Pipeline/Pipeline::carry():194}:195}()
#28 C:/Users/NoxxalsGod/Documents/Pemograman Website/pengelolaan-sampah-menumpuk/vendor/laravel/framework/src/Illuminate/Pipeline/Pipeline.php(219): Illuminate/View/Middleware/ShareErrorsFromSession->handle()
#29 C:/Users/NoxxalsGod/Documents/Pemograman Website/pengelolaan-sampah-menumpuk/vendor/laravel/framework/src/Illuminate/Session/Middleware/StartSession.php(120): Illuminate/Pipeline/Pipeline->{closure:{closure:Illuminate/Pipeline/Pipeline::carry():194}:195}()
#30 C:/Users/NoxxalsGod/Documents/Pemograman Website/pengelolaan-sampah-menumpuk/vendor/laravel/framework/src/Illuminate/Session/Middleware/StartSession.php(63): Illuminate/Session/Middleware/StartSession->handleStatefulRequest()
#31 C:/Users/NoxxalsGod/Documents/Pemograman Website/pengelolaan-sampah-menumpuk/vendor/laravel/framework/src/Illuminate/Pipeline/Pipeline.php(219): Illuminate/Session/Middleware/StartSession->handle()
#32 C:/Users/NoxxalsGod/Documents/Pemograman Website/pengelolaan-sampah-menumpuk/vendor/laravel/framework/src/Illuminate/Cookie/Middleware/AddQueuedCookiesToResponse.php(36): Illuminate/Pipeline/Pipeline->{closure:{closure:Illuminate/Pipeline/Pipeline::carry():194}:195}()
#33 C:/Users/NoxxalsGod/Documents/Pemograman Website/pengelolaan-sampah-menumpuk/vendor/laravel/framework/src/Illuminate/Pipeline/Pipeline.php(219): Illuminate/Cookie/Middleware/AddQueuedCookiesToResponse->handle()
#34 C:/Users/NoxxalsGod/Documents/Pemograman Website/pengelolaan-sampah-menumpuk/vendor/laravel/framework/src/Illuminate/Cookie/Middleware/EncryptCookies.php(74): Illuminate/Pipeline/Pipeline->{closure:{closure:Illuminate/Pipeline/Pipeline::carry():194}:195}()
#35 C:/Users/NoxxalsGod/Documents/Pemograman Website/pengelolaan-sampah-menumpuk/vendor/laravel/framework/src/Illuminate/Pipeline/Pipeline.php(219): Illuminate/Cookie/Middleware/EncryptCookies->handle()
#36 C:/Users/NoxxalsGod/Documents/Pemograman Website/pengelolaan-sampah-menumpuk/vendor/laravel/framework/src/Illuminate/Pipeline/Pipeline.php(137): Illuminate/Pipeline/Pipeline->{closure:{closure:Illuminate/Pipeline/Pipeline::carry():194}:195}()
#37 C:/Users/NoxxalsGod/Documents/Pemograman Website/pengelolaan-sampah-menumpuk/vendor/laravel/framework/src/Illuminate/Routing/Router.php(821): Illuminate/Pipeline/Pipeline->then()
#38 C:/Users/NoxxalsGod/Documents/Pemograman Website/pengelolaan-sampah-menumpuk/vendor/laravel/framework/src/Illuminate/Routing/Router.php(800): Illuminate/Routing/Router->runRouteWithinStack()
#39 C:/Users/NoxxalsGod/Documents/Pemograman Website/pengelolaan-sampah-menumpuk/vendor/laravel/framework/src/Illuminate/Routing/Router.php(764): Illuminate/Routing/Router->runRoute()
#40 C:/Users/NoxxalsGod/Documents/Pemograman Website/pengelolaan-sampah-menumpuk/vendor/laravel/framework/src/Illuminate/Routing/Router.php(753): Illuminate/Routing/Router->dispatchToRoute()
#41 C:/Users/NoxxalsGod/Documents/Pemograman Website/pengelolaan-sampah-menumpuk/vendor/laravel/framework/src/Illuminate/Foundation/Http/Kernel.php(200): Illuminate/Routing/Router->dispatch()
#42 C:/Users/NoxxalsGod/Documents/Pemograman Website/pengelolaan-sampah-menumpuk/vendor/laravel/framework/src/Illuminate/Pipeline/Pipeline.php(180): Illuminate/Foundation/Http/Kernel->{closure:Illuminate/Foundation/Http/Kernel::dispatchToRouter():197}()
#43 C:/Users/NoxxalsGod/Documents/Pemograman Website/pengelolaan-sampah-menumpuk/vendor/laravel/framework/src/Illuminate/Foundation/Http/Middleware/TransformsRequest.php(21): Illuminate/Pipeline/Pipeline->{closure:Illuminate/Pipeline/Pipeline::prepareDestination():178}()
#44 C:/Users/NoxxalsGod/Documents/Pemograman Website/pengelolaan-sampah-menumpuk/vendor/laravel/framework/src/Illuminate/Foundation/Http/Middleware/ConvertEmptyStringsToNull.php(31): Illuminate/Foundation/Http/Middleware/TransformsRequest->handle()
#45 C:/Users/NoxxalsGod/Documents/Pemograman Website/pengelolaan-sampah-menumpuk/vendor/laravel/framework/src/Illuminate/Pipeline/Pipeline.php(219): Illuminate/Foundation/Http/Middleware/ConvertEmptyStringsToNull->handle()
#46 C:/Users/NoxxalsGod/Documents/Pemograman Website/pengelolaan-sampah-menumpuk/vendor/laravel/framework/src/Illuminate/Foundation/Http/Middleware/TransformsRequest.php(21): Illuminate/Pipeline/Pipeline->{closure:{closure:Illuminate/Pipeline/Pipeline::carry():194}:195}()
#47 C:/Users/NoxxalsGod/Documents/Pemograman Website/pengelolaan-sampah-menumpuk/vendor/laravel/framework/src/Illuminate/Foundation/Http/Middleware/TrimStrings.php(51): Illuminate/Foundation/Http/Middleware/TransformsRequest->handle()
#48 C:/Users/NoxxalsGod/Documents/Pemograman Website/pengelolaan-sampah-menumpuk/vendor/laravel/framework/src/Illuminate/Pipeline/Pipeline.php(219): Illuminate/Foundation/Http/Middleware/TrimStrings->handle()
#49 C:/Users/NoxxalsGod/Documents/Pemograman Website/pengelolaan-sampah-menumpuk/vendor/laravel/framework/src/Illuminate/Http/Middleware/ValidatePostSize.php(27): Illuminate/Pipeline/Pipeline->{closure:{closure:Illuminate/Pipeline/Pipeline::carry():194}:195}()
#50 C:/Users/NoxxalsGod/Documents/Pemograman Website/pengelolaan-sampah-menumpuk/vendor/laravel/framework/src/Illuminate/Pipeline/Pipeline.php(219): Illuminate/Http/Middleware/ValidatePostSize->handle()
#51 C:/Users/NoxxalsGod/Documents/Pemograman Website/pengelolaan-sampah-menumpuk/vendor/laravel/framework/src/Illuminate/Foundation/Http/Middleware/PreventRequestsDuringMaintenance.php(109): Illuminate/Pipeline/Pipeline->{closure:{closure:Illuminate/Pipeline/Pipeline::carry():194}:195}()
#52 C:/Users/NoxxalsGod/Documents/Pemograman Website/pengelolaan-sampah-menumpuk/vendor/laravel/framework/src/Illuminate/Pipeline/Pipeline.php(219): Illuminate/Foundation/Http/Middleware/PreventRequestsDuringMaintenance->handle()
#53 C:/Users/NoxxalsGod/Documents/Pemograman Website/pengelolaan-sampah-menumpuk/vendor/laravel/framework/src/Illuminate/Http/Middleware/HandleCors.php(61): Illuminate/Pipeline/Pipeline->{closure:{closure:Illuminate/Pipeline/Pipeline::carry():194}:195}()
#54 C:/Users/NoxxalsGod/Documents/Pemograman Website/pengelolaan-sampah-menumpuk/vendor/laravel/framework/src/Illuminate/Pipeline/Pipeline.php(219): Illuminate/Http/Middleware/HandleCors->handle()
#55 C:/Users/NoxxalsGod/Documents/Pemograman Website/pengelolaan-sampah-menumpuk/vendor/laravel/framework/src/Illuminate/Http/Middleware/TrustProxies.php(58): Illuminate/Pipeline/Pipeline->{closure:{closure:Illuminate/Pipeline/Pipeline::carry():194}:195}()
#56 C:/Users/NoxxalsGod/Documents/Pemograman Website/pengelolaan-sampah-menumpuk/vendor/laravel/framework/src/Illuminate/Pipeline/Pipeline.php(219): Illuminate/Http/Middleware/TrustProxies->handle()
#57 C:/Users/NoxxalsGod/Documents/Pemograman Website/pengelolaan-sampah-menumpuk/vendor/laravel/framework/src/Illuminate/Pipeline/Pipeline.php(137): Illuminate/Pipeline/Pipeline->{closure:{closure:Illuminate/Pipeline/Pipeline::carry():194}:195}()
#58 C:/Users/NoxxalsGod/Documents/Pemograman Website/pengelolaan-sampah-menumpuk/vendor/laravel/framework/src/Illuminate/Foundation/Http/Kernel.php(175): Illuminate/Pipeline/Pipeline->then()
#59 C:/Users/NoxxalsGod/Documents/Pemograman Website/pengelolaan-sampah-menumpuk/vendor/laravel/framework/src/Illuminate/Foundation/Http/Kernel.php(144): Illuminate/Foundation/Http/Kernel->sendRequestThroughRouter()
#60 C:/Users/NoxxalsGod/Documents/Pemograman Website/pengelolaan-sampah-menumpuk/public/index.php(51): Illuminate/Foundation/Http/Kernel->handle()
#61 C:/Users/NoxxalsGod/Documents/Pemograman Website/pengelolaan-sampah-menumpuk/vendor/laravel/framework/src/Illuminate/Foundation/resources/server.php(23): require_once('...')
#62 {main}

[previous exception] [object] (Illuminate\\View\\ViewException(code: 0): Route [penukaran-sampah] not defined. (View: C:\\Users\\NoxxalsGod\\Documents\\Pemograman Website\\pengelolaan-sampah-menumpuk\\resources\\views\\components\\navbar.blade.php) at C:/Users/NoxxalsGod/Documents/Pemograman Website/pengelolaan-sampah-menumpuk/vendor/laravel/framework/src/Illuminate/Routing/UrlGenerator.php:534)
[stacktrace]
#0 C:/Users/NoxxalsGod/Documents/Pemograman Website/pengelolaan-sampah-menumpuk/vendor/laravel/framework/src/Illuminate/View/Engines/PhpEngine.php(59): Illuminate/View/Engines/CompilerEngine->handleViewException()
#1 C:/Users/NoxxalsGod/Documents/Pemograman Website/pengelolaan-sampah-menumpuk/vendor/laravel/framework/src/Illuminate/View/Engines/CompilerEngine.php(76): Illuminate/View/Engines/PhpEngine->evaluatePath()
#2 C:/Users/NoxxalsGod/Documents/Pemograman Website/pengelolaan-sampah-menumpuk/vendor/laravel/framework/src/Illuminate/View/View.php(208): Illuminate/View/Engines/CompilerEngine->get()
#3 C:/Users/NoxxalsGod/Documents/Pemograman Website/pengelolaan-sampah-menumpuk/vendor/laravel/framework/src/Illuminate/View/View.php(191): Illuminate/View/View->getContents()
#4 C:/Users/NoxxalsGod/Documents/Pemograman Website/pengelolaan-sampah-menumpuk/vendor/laravel/framework/src/Illuminate/View/View.php(160): Illuminate/View/View->renderContents()
#5 C:/Users/NoxxalsGod/Documents/Pemograman Website/pengelolaan-sampah-menumpuk/storage/framework/views/2eb32062eca4b41f7b5b0ed9e6a6d433.php(23): Illuminate/View/View->render()
#6 C:/Users/NoxxalsGod/Documents/Pemograman Website/pengelolaan-sampah-menumpuk/vendor/laravel/framework/src/Illuminate/Filesystem/Filesystem.php(123): require('...')
#7 C:/Users/NoxxalsGod/Documents/Pemograman Website/pengelolaan-sampah-menumpuk/vendor/laravel/framework/src/Illuminate/Filesystem/Filesystem.php(124): Illuminate/Filesystem/Filesystem::{closure:Illuminate/Filesystem/Filesystem::getRequire():120}()
#8 C:/Users/NoxxalsGod/Documents/Pemograman Website/pengelolaan-sampah-menumpuk/vendor/laravel/framework/src/Illuminate/View/Engines/PhpEngine.php(57): Illuminate/Filesystem/Filesystem->getRequire()
#9 C:/Users/NoxxalsGod/Documents/Pemograman Website/pengelolaan-sampah-menumpuk/vendor/laravel/framework/src/Illuminate/View/Engines/CompilerEngine.php(76): Illuminate/View/Engines/PhpEngine->evaluatePath()
#10 C:/Users/NoxxalsGod/Documents/Pemograman Website/pengelolaan-sampah-menumpuk/vendor/laravel/framework/src/Illuminate/View/View.php(208): Illuminate/View/Engines/CompilerEngine->get()
#11 C:/Users/NoxxalsGod/Documents/Pemograman Website/pengelolaan-sampah-menumpuk/vendor/laravel/framework/src/Illuminate/View/View.php(191): Illuminate/View/View->getContents()
#12 C:/Users/NoxxalsGod/Documents/Pemograman Website/pengelolaan-sampah-menumpuk/vendor/laravel/framework/src/Illuminate/View/View.php(160): Illuminate/View/View->renderContents()
#13 C:/Users/NoxxalsGod/Documents/Pemograman Website/pengelolaan-sampah-menumpuk/storage/framework/views/bbc77f0e4414e087e0ed13f3c36bd639.php(18): Illuminate/View/View->render()
#14 C:/Users/NoxxalsGod/Documents/Pemograman Website/pengelolaan-sampah-menumpuk/vendor/laravel/framework/src/Illuminate/Filesystem/Filesystem.php(123): require('...')
#15 C:/Users/NoxxalsGod/Documents/Pemograman Website/pengelolaan-sampah-menumpuk/vendor/laravel/framework/src/Illuminate/Filesystem/Filesystem.php(124): Illuminate/Filesystem/Filesystem::{closure:Illuminate/Filesystem/Filesystem::getRequire():120}()
#16 C:/Users/NoxxalsGod/Documents/Pemograman Website/pengelolaan-sampah-menumpuk/vendor/laravel/framework/src/Illuminate/View/Engines/PhpEngine.php(57): Illuminate/Filesystem/Filesystem->getRequire()
#17 C:/Users/NoxxalsGod/Documents/Pemograman Website/pengelolaan-sampah-menumpuk/vendor/laravel/framework/src/Illuminate/View/Engines/CompilerEngine.php(76): Illuminate/View/Engines/PhpEngine->evaluatePath()
#18 C:/Users/NoxxalsGod/Documents/Pemograman Website/pengelolaan-sampah-menumpuk/vendor/laravel/framework/src/Illuminate/View/View.php(208): Illuminate/View/Engines/CompilerEngine->get()
#19 C:/Users/NoxxalsGod/Documents/Pemograman Website/pengelolaan-sampah-menumpuk/vendor/laravel/framework/src/Illuminate/View/View.php(191): Illuminate/View/View->getContents()
#20 C:/Users/NoxxalsGod/Documents/Pemograman Website/pengelolaan-sampah-menumpuk/vendor/laravel/framework/src/Illuminate/View/View.php(160): Illuminate/View/View->renderContents()
#21 C:/Users/NoxxalsGod/Documents/Pemograman Website/pengelolaan-sampah-menumpuk/vendor/laravel/framework/src/Illuminate/Http/Response.php(78): Illuminate/View/View->render()
#22 C:/Users/NoxxalsGod/Documents/Pemograman Website/pengelolaan-sampah-menumpuk/vendor/laravel/framework/src/Illuminate/Http/Response.php(34): Illuminate/Http/Response->setContent()
#23 C:/Users/NoxxalsGod/Documents/Pemograman Website/pengelolaan-sampah-menumpuk/vendor/laravel/framework/src/Illuminate/Routing/ResponseFactory.php(61): Illuminate/Http/Response->__construct()
#24 C:/Users/NoxxalsGod/Documents/Pemograman Website/pengelolaan-sampah-menumpuk/vendor/laravel/framework/src/Illuminate/Routing/ResponseFactory.php(91): Illuminate/Routing/ResponseFactory->make()
#25 C:/Users/NoxxalsGod/Documents/Pemograman Website/pengelolaan-sampah-menumpuk/routes/web.php(27): Illuminate/Routing/ResponseFactory->view()
#26 C:/Users/NoxxalsGod/Documents/Pemograman Website/pengelolaan-sampah-menumpuk/vendor/laravel/framework/src/Illuminate/Routing/CallableDispatcher.php(39): Illuminate/Routing/RouteFileRegistrar->{closure:C:/Users/NoxxalsGod/Documents/Pemograman Website/pengelolaan-sampah-menumpuk/routes/web.php:26}()
#27 C:/Users/NoxxalsGod/Documents/Pemograman Website/pengelolaan-sampah-menumpuk/vendor/laravel/framework/src/Illuminate/Routing/Route.php(243): Illuminate/Routing/CallableDispatcher->dispatch()
#28 C:/Users/NoxxalsGod/Documents/Pemograman Website/pengelolaan-sampah-menumpuk/vendor/laravel/framework/src/Illuminate/Routing/Route.php(214): Illuminate/Routing/Route->runCallable()
#29 C:/Users/NoxxalsGod/Documents/Pemograman Website/pengelolaan-sampah-menumpuk/vendor/laravel/framework/src/Illuminate/Routing/Router.php(822): Illuminate/Routing/Route->run()
#30 C:/Users/NoxxalsGod/Documents/Pemograman Website/pengelolaan-sampah-menumpuk/vendor/laravel/framework/src/Illuminate/Pipeline/Pipeline.php(180): Illuminate/Routing/Router->{closure:Illuminate/Routing/Router::runRouteWithinStack():821}()
#31 C:/Users/NoxxalsGod/Documents/Pemograman Website/pengelolaan-sampah-menumpuk/vendor/laravel/framework/src/Illuminate/Routing/Middleware/SubstituteBindings.php(50): Illuminate/Pipeline/Pipeline->{closure:Illuminate/Pipeline/Pipeline::prepareDestination():178}()
#32 C:/Users/NoxxalsGod/Documents/Pemograman Website/pengelolaan-sampah-menumpuk/vendor/laravel/framework/src/Illuminate/Pipeline/Pipeline.php(219): Illuminate/Routing/Middleware/SubstituteBindings->handle()
#33 C:/Users/NoxxalsGod/Documents/Pemograman Website/pengelolaan-sampah-menumpuk/vendor/laravel/framework/src/Illuminate/Foundation/Http/Middleware/VerifyCsrfToken.php(87): Illuminate/Pipeline/Pipeline->{closure:{closure:Illuminate/Pipeline/Pipeline::carry():194}:195}()
#34 C:/Users/NoxxalsGod/Documents/Pemograman Website/pengelolaan-sampah-menumpuk/vendor/laravel/framework/src/Illuminate/Pipeline/Pipeline.php(219): Illuminate/Foundation/Http/Middleware/VerifyCsrfToken->handle()
#35 C:/Users/NoxxalsGod/Documents/Pemograman Website/pengelolaan-sampah-menumpuk/vendor/laravel/framework/src/Illuminate/View/Middleware/ShareErrorsFromSession.php(48): Illuminate/Pipeline/Pipeline->{closure:{closure:Illuminate/Pipeline/Pipeline::carry():194}:195}()
#36 C:/Users/NoxxalsGod/Documents/Pemograman Website/pengelolaan-sampah-menumpuk/vendor/laravel/framework/src/Illuminate/Pipeline/Pipeline.php(219): Illuminate/View/Middleware/ShareErrorsFromSession->handle()
#37 C:/Users/NoxxalsGod/Documents/Pemograman Website/pengelolaan-sampah-menumpuk/vendor/laravel/framework/src/Illuminate/Session/Middleware/StartSession.php(120): Illuminate/Pipeline/Pipeline->{closure:{closure:Illuminate/Pipeline/Pipeline::carry():194}:195}()
#38 C:/Users/NoxxalsGod/Documents/Pemograman Website/pengelolaan-sampah-menumpuk/vendor/laravel/framework/src/Illuminate/Session/Middleware/StartSession.php(63): Illuminate/Session/Middleware/StartSession->handleStatefulRequest()
#39 C:/Users/NoxxalsGod/Documents/Pemograman Website/pengelolaan-sampah-menumpuk/vendor/laravel/framework/src/Illuminate/Pipeline/Pipeline.php(219): Illuminate/Session/Middleware/StartSession->handle()
#40 C:/Users/NoxxalsGod/Documents/Pemograman Website/pengelolaan-sampah-menumpuk/vendor/laravel/framework/src/Illuminate/Cookie/Middleware/AddQueuedCookiesToResponse.php(36): Illuminate/Pipeline/Pipeline->{closure:{closure:Illuminate/Pipeline/Pipeline::carry():194}:195}()
#41 C:/Users/NoxxalsGod/Documents/Pemograman Website/pengelolaan-sampah-menumpuk/vendor/laravel/framework/src/Illuminate/Pipeline/Pipeline.php(219): Illuminate/Cookie/Middleware/AddQueuedCookiesToResponse->handle()
#42 C:/Users/NoxxalsGod/Documents/Pemograman Website/pengelolaan-sampah-menumpuk/vendor/laravel/framework/src/Illuminate/Cookie/Middleware/EncryptCookies.php(74): Illuminate/Pipeline/Pipeline->{closure:{closure:Illuminate/Pipeline/Pipeline::carry():194}:195}()
#43 C:/Users/NoxxalsGod/Documents/Pemograman Website/pengelolaan-sampah-menumpuk/vendor/laravel/framework/src/Illuminate/Pipeline/Pipeline.php(219): Illuminate/Cookie/Middleware/EncryptCookies->handle()
#44 C:/Users/NoxxalsGod/Documents/Pemograman Website/pengelolaan-sampah-menumpuk/vendor/laravel/framework/src/Illuminate/Pipeline/Pipeline.php(137): Illuminate/Pipeline/Pipeline->{closure:{closure:Illuminate/Pipeline/Pipeline::carry():194}:195}()
#45 C:/Users/NoxxalsGod/Documents/Pemograman Website/pengelolaan-sampah-menumpuk/vendor/laravel/framework/src/Illuminate/Routing/Router.php(821): Illuminate/Pipeline/Pipeline->then()
#46 C:/Users/NoxxalsGod/Documents/Pemograman Website/pengelolaan-sampah-menumpuk/vendor/laravel/framework/src/Illuminate/Routing/Router.php(800): Illuminate/Routing/Router->runRouteWithinStack()
#47 C:/Users/NoxxalsGod/Documents/Pemograman Website/pengelolaan-sampah-menumpuk/vendor/laravel/framework/src/Illuminate/Routing/Router.php(764): Illuminate/Routing/Router->runRoute()
#48 C:/Users/NoxxalsGod/Documents/Pemograman Website/pengelolaan-sampah-menumpuk/vendor/laravel/framework/src/Illuminate/Routing/Router.php(753): Illuminate/Routing/Router->dispatchToRoute()
#49 C:/Users/NoxxalsGod/Documents/Pemograman Website/pengelolaan-sampah-menumpuk/vendor/laravel/framework/src/Illuminate/Foundation/Http/Kernel.php(200): Illuminate/Routing/Router->dispatch()
#50 C:/Users/NoxxalsGod/Documents/Pemograman Website/pengelolaan-sampah-menumpuk/vendor/laravel/framework/src/Illuminate/Pipeline/Pipeline.php(180): Illuminate/Foundation/Http/Kernel->{closure:Illuminate/Foundation/Http/Kernel::dispatchToRouter():197}()
#51 C:/Users/NoxxalsGod/Documents/Pemograman Website/pengelolaan-sampah-menumpuk/vendor/laravel/framework/src/Illuminate/Foundation/Http/Middleware/TransformsRequest.php(21): Illuminate/Pipeline/Pipeline->{closure:Illuminate/Pipeline/Pipeline::prepareDestination():178}()
#52 C:/Users/NoxxalsGod/Documents/Pemograman Website/pengelolaan-sampah-menumpuk/vendor/laravel/framework/src/Illuminate/Foundation/Http/Middleware/ConvertEmptyStringsToNull.php(31): Illuminate/Foundation/Http/Middleware/TransformsRequest->handle()
#53 C:/Users/NoxxalsGod/Documents/Pemograman Website/pengelolaan-sampah-menumpuk/vendor/laravel/framework/src/Illuminate/Pipeline/Pipeline.php(219): Illuminate/Foundation/Http/Middleware/ConvertEmptyStringsToNull->handle()
#54 C:/Users/NoxxalsGod/Documents/Pemograman Website/pengelolaan-sampah-menumpuk/vendor/laravel/framework/src/Illuminate/Foundation/Http/Middleware/TransformsRequest.php(21): Illuminate/Pipeline/Pipeline->{closure:{closure:Illuminate/Pipeline/Pipeline::carry():194}:195}()
#55 C:/Users/NoxxalsGod/Documents/Pemograman Website/pengelolaan-sampah-menumpuk/vendor/laravel/framework/src/Illuminate/Foundation/Http/Middleware/TrimStrings.php(51): Illuminate/Foundation/Http/Middleware/TransformsRequest->handle()
#56 C:/Users/NoxxalsGod/Documents/Pemograman Website/pengelolaan-sampah-menumpuk/vendor/laravel/framework/src/Illuminate/Pipeline/Pipeline.php(219): Illuminate/Foundation/Http/Middleware/TrimStrings->handle()
#57 C:/Users/NoxxalsGod/Documents/Pemograman Website/pengelolaan-sampah-menumpuk/vendor/laravel/framework/src/Illuminate/Http/Middleware/ValidatePostSize.php(27): Illuminate/Pipeline/Pipeline->{closure:{closure:Illuminate/Pipeline/Pipeline::carry():194}:195}()
#58 C:/Users/NoxxalsGod/Documents/Pemograman Website/pengelolaan-sampah-menumpuk/vendor/laravel/framework/src/Illuminate/Pipeline/Pipeline.php(219): Illuminate/Http/Middleware/ValidatePostSize->handle()
#59 C:/Users/NoxxalsGod/Documents/Pemograman Website/pengelolaan-sampah-menumpuk/vendor/laravel/framework/src/Illuminate/Foundation/Http/Middleware/PreventRequestsDuringMaintenance.php(109): Illuminate/Pipeline/Pipeline->{closure:{closure:Illuminate/Pipeline/Pipeline::carry():194}:195}()
#60 C:/Users/NoxxalsGod/Documents/Pemograman Website/pengelolaan-sampah-menumpuk/vendor/laravel/framework/src/Illuminate/Pipeline/Pipeline.php(219): Illuminate/Foundation/Http/Middleware/PreventRequestsDuringMaintenance->handle()
#61 C:/Users/NoxxalsGod/Documents/Pemograman Website/pengelolaan-sampah-menumpuk/vendor/laravel/framework/src/Illuminate/Http/Middleware/HandleCors.php(61): Illuminate/Pipeline/Pipeline->{closure:{closure:Illuminate/Pipeline/Pipeline::carry():194}:195}()
#62 C:/Users/NoxxalsGod/Documents/Pemograman Website/pengelolaan-sampah-menumpuk/vendor/laravel/framework/src/Illuminate/Pipeline/Pipeline.php(219): Illuminate/Http/Middleware/HandleCors->handle()
#63 C:/Users/NoxxalsGod/Documents/Pemograman Website/pengelolaan-sampah-menumpuk/vendor/laravel/framework/src/Illuminate/Http/Middleware/TrustProxies.php(58): Illuminate/Pipeline/Pipeline->{closure:{closure:Illuminate/Pipeline/Pipeline::carry():194}:195}()
#64 C:/Users/NoxxalsGod/Documents/Pemograman Website/pengelolaan-sampah-menumpuk/vendor/laravel/framework/src/Illuminate/Pipeline/Pipeline.php(219): Illuminate/Http/Middleware/TrustProxies->handle()
#65 C:/Users/NoxxalsGod/Documents/Pemograman Website/pengelolaan-sampah-menumpuk/vendor/laravel/framework/src/Illuminate/Pipeline/Pipeline.php(137): Illuminate/Pipeline/Pipeline->{closure:{closure:Illuminate/Pipeline/Pipeline::carry():194}:195}()
#66 C:/Users/NoxxalsGod/Documents/Pemograman Website/pengelolaan-sampah-menumpuk/vendor/laravel/framework/src/Illuminate/Foundation/Http/Kernel.php(175): Illuminate/Pipeline/Pipeline->then()
#67 C:/Users/NoxxalsGod/Documents/Pemograman Website/pengelolaan-sampah-menumpuk/vendor/laravel/framework/src/Illuminate/Foundation/Http/Kernel.php(144): Illuminate/Foundation/Http/Kernel->sendRequestThroughRouter()
#68 C:/Users/NoxxalsGod/Documents/Pemograman Website/pengelolaan-sampah-menumpuk/public/index.php(51): Illuminate/Foundation/Http/Kernel->handle()
#69 C:/Users/NoxxalsGod/Documents/Pemograman Website/pengelolaan-sampah-menumpuk/vendor/laravel/framework/src/Illuminate/Foundation/resources/server.php(23): require_once('...')
#70 {main}

[previous exception] [object] (Symfony\\Component\\Routing\\Exception\\RouteNotFoundException(code: 0): Route [penukaran-sampah] not defined. at C:/Users/NoxxalsGod/Documents/Pemograman Website/pengelolaan-sampah-menumpuk/vendor/laravel/framework/src/Illuminate/Routing/UrlGenerator.php:534)
[stacktrace]
#0 C:/Users/NoxxalsGod/Documents/Pemograman Website/pengelolaan-sampah-menumpuk/vendor/laravel/framework/src/Illuminate/Foundation/helpers.php(870): Illuminate/Routing/UrlGenerator->route()
#1 C:/Users/NoxxalsGod/Documents/Pemograman Website/pengelolaan-sampah-menumpuk/storage/framework/views/d553b39e4da9efe5863923fb47b741fe.php(22): route()
#2 C:/Users/NoxxalsGod/Documents/Pemograman Website/pengelolaan-sampah-menumpuk/vendor/laravel/framework/src/Illuminate/Filesystem/Filesystem.php(123): require('...')
#3 C:/Users/NoxxalsGod/Documents/Pemograman Website/pengelolaan-sampah-menumpuk/vendor/laravel/framework/src/Illuminate/Filesystem/Filesystem.php(124): Illuminate/Filesystem/Filesystem::{closure:Illuminate/Filesystem/Filesystem::getRequire():120}()
#4 C:/Users/NoxxalsGod/Documents/Pemograman Website/pengelolaan-sampah-menumpuk/vendor/laravel/framework/src/Illuminate/View/Engines/PhpEngine.php(57): Illuminate/Filesystem/Filesystem->getRequire()
#5 C:/Users/NoxxalsGod/Documents/Pemograman Website/pengelolaan-sampah-menumpuk/vendor/laravel/framework/src/Illuminate/View/Engines/CompilerEngine.php(76): Illuminate/View/Engines/PhpEngine->evaluatePath()
#6 C:/Users/NoxxalsGod/Documents/Pemograman Website/pengelolaan-sampah-menumpuk/vendor/laravel/framework/src/Illuminate/View/View.php(208): Illuminate/View/Engines/CompilerEngine->get()
#7 C:/Users/NoxxalsGod/Documents/Pemograman Website/pengelolaan-sampah-menumpuk/vendor/laravel/framework/src/Illuminate/View/View.php(191): Illuminate/View/View->getContents()
#8 C:/Users/NoxxalsGod/Documents/Pemograman Website/pengelolaan-sampah-menumpuk/vendor/laravel/framework/src/Illuminate/View/View.php(160): Illuminate/View/View->renderContents()
#9 C:/Users/NoxxalsGod/Documents/Pemograman Website/pengelolaan-sampah-menumpuk/storage/framework/views/2eb32062eca4b41f7b5b0ed9e6a6d433.php(23): Illuminate/View/View->render()
#10 C:/Users/NoxxalsGod/Documents/Pemograman Website/pengelolaan-sampah-menumpuk/vendor/laravel/framework/src/Illuminate/Filesystem/Filesystem.php(123): require('...')
#11 C:/Users/NoxxalsGod/Documents/Pemograman Website/pengelolaan-sampah-menumpuk/vendor/laravel/framework/src/Illuminate/Filesystem/Filesystem.php(124): Illuminate/Filesystem/Filesystem::{closure:Illuminate/Filesystem/Filesystem::getRequire():120}()
#12 C:/Users/NoxxalsGod/Documents/Pemograman Website/pengelolaan-sampah-menumpuk/vendor/laravel/framework/src/Illuminate/View/Engines/PhpEngine.php(57): Illuminate/Filesystem/Filesystem->getRequire()
#13 C:/Users/NoxxalsGod/Documents/Pemograman Website/pengelolaan-sampah-menumpuk/vendor/laravel/framework/src/Illuminate/View/Engines/CompilerEngine.php(76): Illuminate/View/Engines/PhpEngine->evaluatePath()
#14 C:/Users/NoxxalsGod/Documents/Pemograman Website/pengelolaan-sampah-menumpuk/vendor/laravel/framework/src/Illuminate/View/View.php(208): Illuminate/View/Engines/CompilerEngine->get()
#15 C:/Users/NoxxalsGod/Documents/Pemograman Website/pengelolaan-sampah-menumpuk/vendor/laravel/framework/src/Illuminate/View/View.php(191): Illuminate/View/View->getContents()
#16 C:/Users/NoxxalsGod/Documents/Pemograman Website/pengelolaan-sampah-menumpuk/vendor/laravel/framework/src/Illuminate/View/View.php(160): Illuminate/View/View->renderContents()
#17 C:/Users/NoxxalsGod/Documents/Pemograman Website/pengelolaan-sampah-menumpuk/storage/framework/views/bbc77f0e4414e087e0ed13f3c36bd639.php(18): Illuminate/View/View->render()
#18 C:/Users/NoxxalsGod/Documents/Pemograman Website/pengelolaan-sampah-menumpuk/vendor/laravel/framework/src/Illuminate/Filesystem/Filesystem.php(123): require('...')
#19 C:/Users/NoxxalsGod/Documents/Pemograman Website/pengelolaan-sampah-menumpuk/vendor/laravel/framework/src/Illuminate/Filesystem/Filesystem.php(124): Illuminate/Filesystem/Filesystem::{closure:Illuminate/Filesystem/Filesystem::getRequire():120}()
#20 C:/Users/NoxxalsGod/Documents/Pemograman Website/pengelolaan-sampah-menumpuk/vendor/laravel/framework/src/Illuminate/View/Engines/PhpEngine.php(57): Illuminate/Filesystem/Filesystem->getRequire()
#21 C:/Users/NoxxalsGod/Documents/Pemograman Website/pengelolaan-sampah-menumpuk/vendor/laravel/framework/src/Illuminate/View/Engines/CompilerEngine.php(76): Illuminate/View/Engines/PhpEngine->evaluatePath()
#22 C:/Users/NoxxalsGod/Documents/Pemograman Website/pengelolaan-sampah-menumpuk/vendor/laravel/framework/src/Illuminate/View/View.php(208): Illuminate/View/Engines/CompilerEngine->get()
#23 C:/Users/NoxxalsGod/Documents/Pemograman Website/pengelolaan-sampah-menumpuk/vendor/laravel/framework/src/Illuminate/View/View.php(191): Illuminate/View/View->getContents()
#24 C:/Users/NoxxalsGod/Documents/Pemograman Website/pengelolaan-sampah-menumpuk/vendor/laravel/framework/src/Illuminate/View/View.php(160): Illuminate/View/View->renderContents()
#25 C:/Users/NoxxalsGod/Documents/Pemograman Website/pengelolaan-sampah-menumpuk/vendor/laravel/framework/src/Illuminate/Http/Response.php(78): Illuminate/View/View->render()
#26 C:/Users/NoxxalsGod/Documents/Pemograman Website/pengelolaan-sampah-menumpuk/vendor/laravel/framework/src/Illuminate/Http/Response.php(34): Illuminate/Http/Response->setContent()
#27 C:/Users/NoxxalsGod/Documents/Pemograman Website/pengelolaan-sampah-menumpuk/vendor/laravel/framework/src/Illuminate/Routing/ResponseFactory.php(61): Illuminate/Http/Response->__construct()
#28 C:/Users/NoxxalsGod/Documents/Pemograman Website/pengelolaan-sampah-menumpuk/vendor/laravel/framework/src/Illuminate/Routing/ResponseFactory.php(91): Illuminate/Routing/ResponseFactory->make()
#29 C:/Users/NoxxalsGod/Documents/Pemograman Website/pengelolaan-sampah-menumpuk/routes/web.php(27): Illuminate/Routing/ResponseFactory->view()
#30 C:/Users/NoxxalsGod/Documents/Pemograman Website/pengelolaan-sampah-menumpuk/vendor/laravel/framework/src/Illuminate/Routing/CallableDispatcher.php(39): Illuminate/Routing/RouteFileRegistrar->{closure:C:/Users/NoxxalsGod/Documents/Pemograman Website/pengelolaan-sampah-menumpuk/routes/web.php:26}()
#31 C:/Users/NoxxalsGod/Documents/Pemograman Website/pengelolaan-sampah-menumpuk/vendor/laravel/framework/src/Illuminate/Routing/Route.php(243): Illuminate/Routing/CallableDispatcher->dispatch()
#32 C:/Users/NoxxalsGod/Documents/Pemograman Website/pengelolaan-sampah-menumpuk/vendor/laravel/framework/src/Illuminate/Routing/Route.php(214): Illuminate/Routing/Route->runCallable()
#33 C:/Users/NoxxalsGod/Documents/Pemograman Website/pengelolaan-sampah-menumpuk/vendor/laravel/framework/src/Illuminate/Routing/Router.php(822): Illuminate/Routing/Route->run()
#34 C:/Users/NoxxalsGod/Documents/Pemograman Website/pengelolaan-sampah-menumpuk/vendor/laravel/framework/src/Illuminate/Pipeline/Pipeline.php(180): Illuminate/Routing/Router->{closure:Illuminate/Routing/Router::runRouteWithinStack():821}()
#35 C:/Users/NoxxalsGod/Documents/Pemograman Website/pengelolaan-sampah-menumpuk/vendor/laravel/framework/src/Illuminate/Routing/Middleware/SubstituteBindings.php(50): Illuminate/Pipeline/Pipeline->{closure:Illuminate/Pipeline/Pipeline::prepareDestination():178}()
#36 C:/Users/NoxxalsGod/Documents/Pemograman Website/pengelolaan-sampah-menumpuk/vendor/laravel/framework/src/Illuminate/Pipeline/Pipeline.php(219): Illuminate/Routing/Middleware/SubstituteBindings->handle()
#37 C:/Users/NoxxalsGod/Documents/Pemograman Website/pengelolaan-sampah-menumpuk/vendor/laravel/framework/src/Illuminate/Foundation/Http/Middleware/VerifyCsrfToken.php(87): Illuminate/Pipeline/Pipeline->{closure:{closure:Illuminate/Pipeline/Pipeline::carry():194}:195}()
#38 C:/Users/NoxxalsGod/Documents/Pemograman Website/pengelolaan-sampah-menumpuk/vendor/laravel/framework/src/Illuminate/Pipeline/Pipeline.php(219): Illuminate/Foundation/Http/Middleware/VerifyCsrfToken->handle()
#39 C:/Users/NoxxalsGod/Documents/Pemograman Website/pengelolaan-sampah-menumpuk/vendor/laravel/framework/src/Illuminate/View/Middleware/ShareErrorsFromSession.php(48): Illuminate/Pipeline/Pipeline->{closure:{closure:Illuminate/Pipeline/Pipeline::carry():194}:195}()
#40 C:/Users/NoxxalsGod/Documents/Pemograman Website/pengelolaan-sampah-menumpuk/vendor/laravel/framework/src/Illuminate/Pipeline/Pipeline.php(219): Illuminate/View/Middleware/ShareErrorsFromSession->handle()
#41 C:/Users/NoxxalsGod/Documents/Pemograman Website/pengelolaan-sampah-menumpuk/vendor/laravel/framework/src/Illuminate/Session/Middleware/StartSession.php(120): Illuminate/Pipeline/Pipeline->{closure:{closure:Illuminate/Pipeline/Pipeline::carry():194}:195}()
#42 C:/Users/NoxxalsGod/Documents/Pemograman Website/pengelolaan-sampah-menumpuk/vendor/laravel/framework/src/Illuminate/Session/Middleware/StartSession.php(63): Illuminate/Session/Middleware/StartSession->handleStatefulRequest()
#43 C:/Users/NoxxalsGod/Documents/Pemograman Website/pengelolaan-sampah-menumpuk/vendor/laravel/framework/src/Illuminate/Pipeline/Pipeline.php(219): Illuminate/Session/Middleware/StartSession->handle()
#44 C:/Users/NoxxalsGod/Documents/Pemograman Website/pengelolaan-sampah-menumpuk/vendor/laravel/framework/src/Illuminate/Cookie/Middleware/AddQueuedCookiesToResponse.php(36): Illuminate/Pipeline/Pipeline->{closure:{closure:Illuminate/Pipeline/Pipeline::carry():194}:195}()
#45 C:/Users/NoxxalsGod/Documents/Pemograman Website/pengelolaan-sampah-menumpuk/vendor/laravel/framework/src/Illuminate/Pipeline/Pipeline.php(219): Illuminate/Cookie/Middleware/AddQueuedCookiesToResponse->handle()
#46 C:/Users/NoxxalsGod/Documents/Pemograman Website/pengelolaan-sampah-menumpuk/vendor/laravel/framework/src/Illuminate/Cookie/Middleware/EncryptCookies.php(74): Illuminate/Pipeline/Pipeline->{closure:{closure:Illuminate/Pipeline/Pipeline::carry():194}:195}()
#47 C:/Users/NoxxalsGod/Documents/Pemograman Website/pengelolaan-sampah-menumpuk/vendor/laravel/framework/src/Illuminate/Pipeline/Pipeline.php(219): Illuminate/Cookie/Middleware/EncryptCookies->handle()
#48 C:/Users/NoxxalsGod/Documents/Pemograman Website/pengelolaan-sampah-menumpuk/vendor/laravel/framework/src/Illuminate/Pipeline/Pipeline.php(137): Illuminate/Pipeline/Pipeline->{closure:{closure:Illuminate/Pipeline/Pipeline::carry():194}:195}()
#49 C:/Users/NoxxalsGod/Documents/Pemograman Website/pengelolaan-sampah-menumpuk/vendor/laravel/framework/src/Illuminate/Routing/Router.php(821): Illuminate/Pipeline/Pipeline->then()
#50 C:/Users/NoxxalsGod/Documents/Pemograman Website/pengelolaan-sampah-menumpuk/vendor/laravel/framework/src/Illuminate/Routing/Router.php(800): Illuminate/Routing/Router->runRouteWithinStack()
#51 C:/Users/NoxxalsGod/Documents/Pemograman Website/pengelolaan-sampah-menumpuk/vendor/laravel/framework/src/Illuminate/Routing/Router.php(764): Illuminate/Routing/Router->runRoute()
#52 C:/Users/NoxxalsGod/Documents/Pemograman Website/pengelolaan-sampah-menumpuk/vendor/laravel/framework/src/Illuminate/Routing/Router.php(753): Illuminate/Routing/Router->dispatchToRoute()
#53 C:/Users/NoxxalsGod/Documents/Pemograman Website/pengelolaan-sampah-menumpuk/vendor/laravel/framework/src/Illuminate/Foundation/Http/Kernel.php(200): Illuminate/Routing/Router->dispatch()
#54 C:/Users/NoxxalsGod/Documents/Pemograman Website/pengelolaan-sampah-menumpuk/vendor/laravel/framework/src/Illuminate/Pipeline/Pipeline.php(180): Illuminate/Foundation/Http/Kernel->{closure:Illuminate/Foundation/Http/Kernel::dispatchToRouter():197}()
#55 C:/Users/NoxxalsGod/Documents/Pemograman Website/pengelolaan-sampah-menumpuk/vendor/laravel/framework/src/Illuminate/Foundation/Http/Middleware/TransformsRequest.php(21): Illuminate/Pipeline/Pipeline->{closure:Illuminate/Pipeline/Pipeline::prepareDestination():178}()
#56 C:/Users/NoxxalsGod/Documents/Pemograman Website/pengelolaan-sampah-menumpuk/vendor/laravel/framework/src/Illuminate/Foundation/Http/Middleware/ConvertEmptyStringsToNull.php(31): Illuminate/Foundation/Http/Middleware/TransformsRequest->handle()
#57 C:/Users/NoxxalsGod/Documents/Pemograman Website/pengelolaan-sampah-menumpuk/vendor/laravel/framework/src/Illuminate/Pipeline/Pipeline.php(219): Illuminate/Foundation/Http/Middleware/ConvertEmptyStringsToNull->handle()
#58 C:/Users/NoxxalsGod/Documents/Pemograman Website/pengelolaan-sampah-menumpuk/vendor/laravel/framework/src/Illuminate/Foundation/Http/Middleware/TransformsRequest.php(21): Illuminate/Pipeline/Pipeline->{closure:{closure:Illuminate/Pipeline/Pipeline::carry():194}:195}()
#59 C:/Users/NoxxalsGod/Documents/Pemograman Website/pengelolaan-sampah-menumpuk/vendor/laravel/framework/src/Illuminate/Foundation/Http/Middleware/TrimStrings.php(51): Illuminate/Foundation/Http/Middleware/TransformsRequest->handle()
#60 C:/Users/NoxxalsGod/Documents/Pemograman Website/pengelolaan-sampah-menumpuk/vendor/laravel/framework/src/Illuminate/Pipeline/Pipeline.php(219): Illuminate/Foundation/Http/Middleware/TrimStrings->handle()
#61 C:/Users/NoxxalsGod/Documents/Pemograman Website/pengelolaan-sampah-menumpuk/vendor/laravel/framework/src/Illuminate/Http/Middleware/ValidatePostSize.php(27): Illuminate/Pipeline/Pipeline->{closure:{closure:Illuminate/Pipeline/Pipeline::carry():194}:195}()
#62 C:/Users/NoxxalsGod/Documents/Pemograman Website/pengelolaan-sampah-menumpuk/vendor/laravel/framework/src/Illuminate/Pipeline/Pipeline.php(219): Illuminate/Http/Middleware/ValidatePostSize->handle()
#63 C:/Users/NoxxalsGod/Documents/Pemograman Website/pengelolaan-sampah-menumpuk/vendor/laravel/framework/src/Illuminate/Foundation/Http/Middleware/PreventRequestsDuringMaintenance.php(109): Illuminate/Pipeline/Pipeline->{closure:{closure:Illuminate/Pipeline/Pipeline::carry():194}:195}()
#64 C:/Users/NoxxalsGod/Documents/Pemograman Website/pengelolaan-sampah-menumpuk/vendor/laravel/framework/src/Illuminate/Pipeline/Pipeline.php(219): Illuminate/Foundation/Http/Middleware/PreventRequestsDuringMaintenance->handle()
#65 C:/Users/NoxxalsGod/Documents/Pemograman Website/pengelolaan-sampah-menumpuk/vendor/laravel/framework/src/Illuminate/Http/Middleware/HandleCors.php(61): Illuminate/Pipeline/Pipeline->{closure:{closure:Illuminate/Pipeline/Pipeline::carry():194}:195}()
#66 C:/Users/NoxxalsGod/Documents/Pemograman Website/pengelolaan-sampah-menumpuk/vendor/laravel/framework/src/Illuminate/Pipeline/Pipeline.php(219): Illuminate/Http/Middleware/HandleCors->handle()
#67 C:/Users/NoxxalsGod/Documents/Pemograman Website/pengelolaan-sampah-menumpuk/vendor/laravel/framework/src/Illuminate/Http/Middleware/TrustProxies.php(58): Illuminate/Pipeline/Pipeline->{closure:{closure:Illuminate/Pipeline/Pipeline::carry():194}:195}()
#68 C:/Users/NoxxalsGod/Documents/Pemograman Website/pengelolaan-sampah-menumpuk/vendor/laravel/framework/src/Illuminate/Pipeline/Pipeline.php(219): Illuminate/Http/Middleware/TrustProxies->handle()
#69 C:/Users/NoxxalsGod/Documents/Pemograman Website/pengelolaan-sampah-menumpuk/vendor/laravel/framework/src/Illuminate/Pipeline/Pipeline.php(137): Illuminate/Pipeline/Pipeline->{closure:{closure:Illuminate/Pipeline/Pipeline::carry():194}:195}()
#70 C:/Users/NoxxalsGod/Documents/Pemograman Website/pengelolaan-sampah-menumpuk/vendor/laravel/framework/src/Illuminate/Foundation/Http/Kernel.php(175): Illuminate/Pipeline/Pipeline->then()
#71 C:/Users/NoxxalsGod/Documents/Pemograman Website/pengelolaan-sampah-menumpuk/vendor/laravel/framework/src/Illuminate/Foundation/Http/Kernel.php(144): Illuminate/Foundation/Http/Kernel->sendRequestThroughRouter()
#72 C:/Users/NoxxalsGod/Documents/Pemograman Website/pengelolaan-sampah-menumpuk/public/index.php(51): Illuminate/Foundation/Http/Kernel->handle()
#73 C:/Users/NoxxalsGod/Documents/Pemograman Website/pengelolaan-sampah-menumpuk/vendor/laravel/framework/src/Illuminate/Foundation/resources/server.php(23): require_once('...')
#74 {main}
"} 
[2026-07-12 20:04:23] local.ERROR: Route [penukaran-sampah] not defined. (View: C:\Users\NoxxalsGod\Documents\Pemograman Website\pengelolaan-sampah-menumpuk\resources\views\components\navbar.blade.php) (View: C:\Users\NoxxalsGod\Documents\Pemograman Website\pengelolaan-sampah-menumpuk\resources\views\components\navbar.blade.php) (View: C:\Users\NoxxalsGod\Documents\Pemograman Website\pengelolaan-sampah-menumpuk\resources\views\components\navbar.blade.php) {"userId":1,"exception":"[object] (Illuminate\\View\\ViewException(code: 0): Route [penukaran-sampah] not defined. (View: C:\\Users\\NoxxalsGod\\Documents\\Pemograman Website\\pengelolaan-sampah-menumpuk\\resources\\views\\components\\navbar.blade.php) (View: C:\\Users\\NoxxalsGod\\Documents\\Pemograman Website\\pengelolaan-sampah-menumpuk\\resources\\views\\components\\navbar.blade.php) (View: C:\\Users\\NoxxalsGod\\Documents\\Pemograman Website\\pengelolaan-sampah-menumpuk\\resources\\views\\components\\navbar.blade.php) at C:/Users/NoxxalsGod/Documents/Pemograman Website/pengelolaan-sampah-menumpuk/vendor/laravel/framework/src/Illuminate/Routing/UrlGenerator.php:534)
[stacktrace]
#0 C:/Users/NoxxalsGod/Documents/Pemograman Website/pengelolaan-sampah-menumpuk/vendor/laravel/framework/src/Illuminate/View/Engines/PhpEngine.php(59): Illuminate/View/Engines/CompilerEngine->handleViewException()
#1 C:/Users/NoxxalsGod/Documents/Pemograman Website/pengelolaan-sampah-menumpuk/vendor/laravel/framework/src/Illuminate/View/Engines/CompilerEngine.php(76): Illuminate/View/Engines/PhpEngine->evaluatePath()
#2 C:/Users/NoxxalsGod/Documents/Pemograman Website/pengelolaan-sampah-menumpuk/vendor/laravel/framework/src/Illuminate/View/View.php(208): Illuminate/View/Engines/CompilerEngine->get()
#3 C:/Users/NoxxalsGod/Documents/Pemograman Website/pengelolaan-sampah-menumpuk/vendor/laravel/framework/src/Illuminate/View/View.php(191): Illuminate/View/View->getContents()
#4 C:/Users/NoxxalsGod/Documents/Pemograman Website/pengelolaan-sampah-menumpuk/vendor/laravel/framework/src/Illuminate/View/View.php(160): Illuminate/View/View->renderContents()
#5 C:/Users/NoxxalsGod/Documents/Pemograman Website/pengelolaan-sampah-menumpuk/vendor/laravel/framework/src/Illuminate/Http/Response.php(78): Illuminate/View/View->render()
#6 C:/Users/NoxxalsGod/Documents/Pemograman Website/pengelolaan-sampah-menumpuk/vendor/laravel/framework/src/Illuminate/Http/Response.php(34): Illuminate/Http/Response->setContent()
#7 C:/Users/NoxxalsGod/Documents/Pemograman Website/pengelolaan-sampah-menumpuk/vendor/laravel/framework/src/Illuminate/Routing/ResponseFactory.php(61): Illuminate/Http/Response->__construct()
#8 C:/Users/NoxxalsGod/Documents/Pemograman Website/pengelolaan-sampah-menumpuk/vendor/laravel/framework/src/Illuminate/Routing/ResponseFactory.php(91): Illuminate/Routing/ResponseFactory->make()
#9 C:/Users/NoxxalsGod/Documents/Pemograman Website/pengelolaan-sampah-menumpuk/routes/web.php(27): Illuminate/Routing/ResponseFactory->view()
#10 C:/Users/NoxxalsGod/Documents/Pemograman Website/pengelolaan-sampah-menumpuk/vendor/laravel/framework/src/Illuminate/Routing/CallableDispatcher.php(39): Illuminate/Routing/RouteFileRegistrar->{closure:C:/Users/NoxxalsGod/Documents/Pemograman Website/pengelolaan-sampah-menumpuk/routes/web.php:26}()
#11 C:/Users/NoxxalsGod/Documents/Pemograman Website/pengelolaan-sampah-menumpuk/vendor/laravel/framework/src/Illuminate/Routing/Route.php(243): Illuminate/Routing/CallableDispatcher->dispatch()
#12 C:/Users/NoxxalsGod/Documents/Pemograman Website/pengelolaan-sampah-menumpuk/vendor/laravel/framework/src/Illuminate/Routing/Route.php(214): Illuminate/Routing/Route->runCallable()
#13 C:/Users/NoxxalsGod/Documents/Pemograman Website/pengelolaan-sampah-menumpuk/vendor/laravel/framework/src/Illuminate/Routing/Router.php(822): Illuminate/Routing/Route->run()
#14 C:/Users/NoxxalsGod/Documents/Pemograman Website/pengelolaan-sampah-menumpuk/vendor/laravel/framework/src/Illuminate/Pipeline/Pipeline.php(180): Illuminate/Routing/Router->{closure:Illuminate/Routing/Router::runRouteWithinStack():821}()
#15 C:/Users/NoxxalsGod/Documents/Pemograman Website/pengelolaan-sampah-menumpuk/vendor/laravel/framework/src/Illuminate/Routing/Middleware/SubstituteBindings.php(50): Illuminate/Pipeline/Pipeline->{closure:Illuminate/Pipeline/Pipeline::prepareDestination():178}()
#16 C:/Users/NoxxalsGod/Documents/Pemograman Website/pengelolaan-sampah-menumpuk/vendor/laravel/framework/src/Illuminate/Pipeline/Pipeline.php(219): Illuminate/Routing/Middleware/SubstituteBindings->handle()
#17 C:/Users/NoxxalsGod/Documents/Pemograman Website/pengelolaan-sampah-menumpuk/vendor/laravel/framework/src/Illuminate/Foundation/Http/Middleware/VerifyCsrfToken.php(87): Illuminate/Pipeline/Pipeline->{closure:{closure:Illuminate/Pipeline/Pipeline::carry():194}:195}()
#18 C:/Users/NoxxalsGod/Documents/Pemograman Website/pengelolaan-sampah-menumpuk/vendor/laravel/framework/src/Illuminate/Pipeline/Pipeline.php(219): Illuminate/Foundation/Http/Middleware/VerifyCsrfToken->handle()
#19 C:/Users/NoxxalsGod/Documents/Pemograman Website/pengelolaan-sampah-menumpuk/vendor/laravel/framework/src/Illuminate/View/Middleware/ShareErrorsFromSession.php(48): Illuminate/Pipeline/Pipeline->{closure:{closure:Illuminate/Pipeline/Pipeline::carry():194}:195}()
#20 C:/Users/NoxxalsGod/Documents/Pemograman Website/pengelolaan-sampah-menumpuk/vendor/laravel/framework/src/Illuminate/Pipeline/Pipeline.php(219): Illuminate/View/Middleware/ShareErrorsFromSession->handle()
#21 C:/Users/NoxxalsGod/Documents/Pemograman Website/pengelolaan-sampah-menumpuk/vendor/laravel/framework/src/Illuminate/Session/Middleware/StartSession.php(120): Illuminate/Pipeline/Pipeline->{closure:{closure:Illuminate/Pipeline/Pipeline::carry():194}:195}()
#22 C:/Users/NoxxalsGod/Documents/Pemograman Website/pengelolaan-sampah-menumpuk/vendor/laravel/framework/src/Illuminate/Session/Middleware/StartSession.php(63): Illuminate/Session/Middleware/StartSession->handleStatefulRequest()
#23 C:/Users/NoxxalsGod/Documents/Pemograman Website/pengelolaan-sampah-menumpuk/vendor/laravel/framework/src/Illuminate/Pipeline/Pipeline.php(219): Illuminate/Session/Middleware/StartSession->handle()
#24 C:/Users/NoxxalsGod/Documents/Pemograman Website/pengelolaan-sampah-menumpuk/vendor/laravel/framework/src/Illuminate/Cookie/Middleware/AddQueuedCookiesToResponse.php(36): Illuminate/Pipeline/Pipeline->{closure:{closure:Illuminate/Pipeline/Pipeline::carry():194}:195}()
#25 C:/Users/NoxxalsGod/Documents/Pemograman Website/pengelolaan-sampah-menumpuk/vendor/laravel/framework/src/Illuminate/Pipeline/Pipeline.php(219): Illuminate/Cookie/Middleware/AddQueuedCookiesToResponse->handle()
#26 C:/Users/NoxxalsGod/Documents/Pemograman Website/pengelolaan-sampah-menumpuk/vendor/laravel/framework/src/Illuminate/Cookie/Middleware/EncryptCookies.php(74): Illuminate/Pipeline/Pipeline->{closure:{closure:Illuminate/Pipeline/Pipeline::carry():194}:195}()
#27 C:/Users/NoxxalsGod/Documents/Pemograman Website/pengelolaan-sampah-menumpuk/vendor/laravel/framework/src/Illuminate/Pipeline/Pipeline.php(219): Illuminate/Cookie/Middleware/EncryptCookies->handle()
#28 C:/Users/NoxxalsGod/Documents/Pemograman Website/pengelolaan-sampah-menumpuk/vendor/laravel/framework/src/Illuminate/Pipeline/Pipeline.php(137): Illuminate/Pipeline/Pipeline->{closure:{closure:Illuminate/Pipeline/Pipeline::carry():194}:195}()
#29 C:/Users/NoxxalsGod/Documents/Pemograman Website/pengelolaan-sampah-menumpuk/vendor/laravel/framework/src/Illuminate/Routing/Router.php(821): Illuminate/Pipeline/Pipeline->then()
#30 C:/Users/NoxxalsGod/Documents/Pemograman Website/pengelolaan-sampah-menumpuk/vendor/laravel/framework/src/Illuminate/Routing/Router.php(800): Illuminate/Routing/Router->runRouteWithinStack()
#31 C:/Users/NoxxalsGod/Documents/Pemograman Website/pengelolaan-sampah-menumpuk/vendor/laravel/framework/src/Illuminate/Routing/Router.php(764): Illuminate/Routing/Router->runRoute()
#32 C:/Users/NoxxalsGod/Documents/Pemograman Website/pengelolaan-sampah-menumpuk/vendor/laravel/framework/src/Illuminate/Routing/Router.php(753): Illuminate/Routing/Router->dispatchToRoute()
#33 C:/Users/NoxxalsGod/Documents/Pemograman Website/pengelolaan-sampah-menumpuk/vendor/laravel/framework/src/Illuminate/Foundation/Http/Kernel.php(200): Illuminate/Routing/Router->dispatch()
#34 C:/Users/NoxxalsGod/Documents/Pemograman Website/pengelolaan-sampah-menumpuk/vendor/laravel/framework/src/Illuminate/Pipeline/Pipeline.php(180): Illuminate/Foundation/Http/Kernel->{closure:Illuminate/Foundation/Http/Kernel::dispatchToRouter():197}()
#35 C:/Users/NoxxalsGod/Documents/Pemograman Website/pengelolaan-sampah-menumpuk/vendor/laravel/framework/src/Illuminate/Foundation/Http/Middleware/TransformsRequest.php(21): Illuminate/Pipeline/Pipeline->{closure:Illuminate/Pipeline/Pipeline::prepareDestination():178}()
#36 C:/Users/NoxxalsGod/Documents/Pemograman Website/pengelolaan-sampah-menumpuk/vendor/laravel/framework/src/Illuminate/Foundation/Http/Middleware/ConvertEmptyStringsToNull.php(31): Illuminate/Foundation/Http/Middleware/TransformsRequest->handle()
#37 C:/Users/NoxxalsGod/Documents/Pemograman Website/pengelolaan-sampah-menumpuk/vendor/laravel/framework/src/Illuminate/Pipeline/Pipeline.php(219): Illuminate/Foundation/Http/Middleware/ConvertEmptyStringsToNull->handle()
#38 C:/Users/NoxxalsGod/Documents/Pemograman Website/pengelolaan-sampah-menumpuk/vendor/laravel/framework/src/Illuminate/Foundation/Http/Middleware/TransformsRequest.php(21): Illuminate/Pipeline/Pipeline->{closure:{closure:Illuminate/Pipeline/Pipeline::carry():194}:195}()
#39 C:/Users/NoxxalsGod/Documents/Pemograman Website/pengelolaan-sampah-menumpuk/vendor/laravel/framework/src/Illuminate/Foundation/Http/Middleware/TrimStrings.php(51): Illuminate/Foundation/Http/Middleware/TransformsRequest->handle()
#40 C:/Users/NoxxalsGod/Documents/Pemograman Website/pengelolaan-sampah-menumpuk/vendor/laravel/framework/src/Illuminate/Pipeline/Pipeline.php(219): Illuminate/Foundation/Http/Middleware/TrimStrings->handle()
#41 C:/Users/NoxxalsGod/Documents/Pemograman Website/pengelolaan-sampah-menumpuk/vendor/laravel/framework/src/Illuminate/Http/Middleware/ValidatePostSize.php(27): Illuminate/Pipeline/Pipeline->{closure:{closure:Illuminate/Pipeline/Pipeline::carry():194}:195}()
#42 C:/Users/NoxxalsGod/Documents/Pemograman Website/pengelolaan-sampah-menumpuk/vendor/laravel/framework/src/Illuminate/Pipeline/Pipeline.php(219): Illuminate/Http/Middleware/ValidatePostSize->handle()
#43 C:/Users/NoxxalsGod/Documents/Pemograman Website/pengelolaan-sampah-menumpuk/vendor/laravel/framework/src/Illuminate/Foundation/Http/Middleware/PreventRequestsDuringMaintenance.php(109): Illuminate/Pipeline/Pipeline->{closure:{closure:Illuminate/Pipeline/Pipeline::carry():194}:195}()
#44 C:/Users/NoxxalsGod/Documents/Pemograman Website/pengelolaan-sampah-menumpuk/vendor/laravel/framework/src/Illuminate/Pipeline/Pipeline.php(219): Illuminate/Foundation/Http/Middleware/PreventRequestsDuringMaintenance->handle()
#45 C:/Users/NoxxalsGod/Documents/Pemograman Website/pengelolaan-sampah-menumpuk/vendor/laravel/framework/src/Illuminate/Http/Middleware/HandleCors.php(61): Illuminate/Pipeline/Pipeline->{closure:{closure:Illuminate/Pipeline/Pipeline::carry():194}:195}()
#46 C:/Users/NoxxalsGod/Documents/Pemograman Website/pengelolaan-sampah-menumpuk/vendor/laravel/framework/src/Illuminate/Pipeline/Pipeline.php(219): Illuminate/Http/Middleware/HandleCors->handle()
#47 C:/Users/NoxxalsGod/Documents/Pemograman Website/pengelolaan-sampah-menumpuk/vendor/laravel/framework/src/Illuminate/Http/Middleware/TrustProxies.php(58): Illuminate/Pipeline/Pipeline->{closure:{closure:Illuminate/Pipeline/Pipeline::carry():194}:195}()
#48 C:/Users/NoxxalsGod/Documents/Pemograman Website/pengelolaan-sampah-menumpuk/vendor/laravel/framework/src/Illuminate/Pipeline/Pipeline.php(219): Illuminate/Http/Middleware/TrustProxies->handle()
#49 C:/Users/NoxxalsGod/Documents/Pemograman Website/pengelolaan-sampah-menumpuk/vendor/laravel/framework/src/Illuminate/Pipeline/Pipeline.php(137): Illuminate/Pipeline/Pipeline->{closure:{closure:Illuminate/Pipeline/Pipeline::carry():194}:195}()
#50 C:/Users/NoxxalsGod/Documents/Pemograman Website/pengelolaan-sampah-menumpuk/vendor/laravel/framework/src/Illuminate/Foundation/Http/Kernel.php(175): Illuminate/Pipeline/Pipeline->then()
#51 C:/Users/NoxxalsGod/Documents/Pemograman Website/pengelolaan-sampah-menumpuk/vendor/laravel/framework/src/Illuminate/Foundation/Http/Kernel.php(144): Illuminate/Foundation/Http/Kernel->sendRequestThroughRouter()
#52 C:/Users/NoxxalsGod/Documents/Pemograman Website/pengelolaan-sampah-menumpuk/public/index.php(51): Illuminate/Foundation/Http/Kernel->handle()
#53 C:/Users/NoxxalsGod/Documents/Pemograman Website/pengelolaan-sampah-menumpuk/vendor/laravel/framework/src/Illuminate/Foundation/resources/server.php(23): require_once('...')
#54 {main}

[previous exception] [object] (Illuminate\\View\\ViewException(code: 0): Route [penukaran-sampah] not defined. (View: C:\\Users\\NoxxalsGod\\Documents\\Pemograman Website\\pengelolaan-sampah-menumpuk\\resources\\views\\components\\navbar.blade.php) (View: C:\\Users\\NoxxalsGod\\Documents\\Pemograman Website\\pengelolaan-sampah-menumpuk\\resources\\views\\components\\navbar.blade.php) at C:/Users/NoxxalsGod/Documents/Pemograman Website/pengelolaan-sampah-menumpuk/vendor/laravel/framework/src/Illuminate/Routing/UrlGenerator.php:534)
[stacktrace]
#0 C:/Users/NoxxalsGod/Documents/Pemograman Website/pengelolaan-sampah-menumpuk/vendor/laravel/framework/src/Illuminate/View/Engines/PhpEngine.php(59): Illuminate/View/Engines/CompilerEngine->handleViewException()
#1 C:/Users/NoxxalsGod/Documents/Pemograman Website/pengelolaan-sampah-menumpuk/vendor/laravel/framework/src/Illuminate/View/Engines/CompilerEngine.php(76): Illuminate/View/Engines/PhpEngine->evaluatePath()
#2 C:/Users/NoxxalsGod/Documents/Pemograman Website/pengelolaan-sampah-menumpuk/vendor/laravel/framework/src/Illuminate/View/View.php(208): Illuminate/View/Engines/CompilerEngine->get()
#3 C:/Users/NoxxalsGod/Documents/Pemograman Website/pengelolaan-sampah-menumpuk/vendor/laravel/framework/src/Illuminate/View/View.php(191): Illuminate/View/View->getContents()
#4 C:/Users/NoxxalsGod/Documents/Pemograman Website/pengelolaan-sampah-menumpuk/vendor/laravel/framework/src/Illuminate/View/View.php(160): Illuminate/View/View->renderContents()
#5 C:/Users/NoxxalsGod/Documents/Pemograman Website/pengelolaan-sampah-menumpuk/storage/framework/views/bbc77f0e4414e087e0ed13f3c36bd639.php(18): Illuminate/View/View->render()
#6 C:/Users/NoxxalsGod/Documents/Pemograman Website/pengelolaan-sampah-menumpuk/vendor/laravel/framework/src/Illuminate/Filesystem/Filesystem.php(123): require('...')
#7 C:/Users/NoxxalsGod/Documents/Pemograman Website/pengelolaan-sampah-menumpuk/vendor/laravel/framework/src/Illuminate/Filesystem/Filesystem.php(124): Illuminate/Filesystem/Filesystem::{closure:Illuminate/Filesystem/Filesystem::getRequire():120}()
#8 C:/Users/NoxxalsGod/Documents/Pemograman Website/pengelolaan-sampah-menumpuk/vendor/laravel/framework/src/Illuminate/View/Engines/PhpEngine.php(57): Illuminate/Filesystem/Filesystem->getRequire()
#9 C:/Users/NoxxalsGod/Documents/Pemograman Website/pengelolaan-sampah-menumpuk/vendor/laravel/framework/src/Illuminate/View/Engines/CompilerEngine.php(76): Illuminate/View/Engines/PhpEngine->evaluatePath()
#10 C:/Users/NoxxalsGod/Documents/Pemograman Website/pengelolaan-sampah-menumpuk/vendor/laravel/framework/src/Illuminate/View/View.php(208): Illuminate/View/Engines/CompilerEngine->get()
#11 C:/Users/NoxxalsGod/Documents/Pemograman Website/pengelolaan-sampah-menumpuk/vendor/laravel/framework/src/Illuminate/View/View.php(191): Illuminate/View/View->getContents()
#12 C:/Users/NoxxalsGod/Documents/Pemograman Website/pengelolaan-sampah-menumpuk/vendor/laravel/framework/src/Illuminate/View/View.php(160): Illuminate/View/View->renderContents()
#13 C:/Users/NoxxalsGod/Documents/Pemograman Website/pengelolaan-sampah-menumpuk/vendor/laravel/framework/src/Illuminate/Http/Response.php(78): Illuminate/View/View->render()
#14 C:/Users/NoxxalsGod/Documents/Pemograman Website/pengelolaan-sampah-menumpuk/vendor/laravel/framework/src/Illuminate/Http/Response.php(34): Illuminate/Http/Response->setContent()
#15 C:/Users/NoxxalsGod/Documents/Pemograman Website/pengelolaan-sampah-menumpuk/vendor/laravel/framework/src/Illuminate/Routing/ResponseFactory.php(61): Illuminate/Http/Response->__construct()
#16 C:/Users/NoxxalsGod/Documents/Pemograman Website/pengelolaan-sampah-menumpuk/vendor/laravel/framework/src/Illuminate/Routing/ResponseFactory.php(91): Illuminate/Routing/ResponseFactory->make()
#17 C:/Users/NoxxalsGod/Documents/Pemograman Website/pengelolaan-sampah-menumpuk/routes/web.php(27): Illuminate/Routing/ResponseFactory->view()
#18 C:/Users/NoxxalsGod/Documents/Pemograman Website/pengelolaan-sampah-menumpuk/vendor/laravel/framework/src/Illuminate/Routing/CallableDispatcher.php(39): Illuminate/Routing/RouteFileRegistrar->{closure:C:/Users/NoxxalsGod/Documents/Pemograman Website/pengelolaan-sampah-menumpuk/routes/web.php:26}()
#19 C:/Users/NoxxalsGod/Documents/Pemograman Website/pengelolaan-sampah-menumpuk/vendor/laravel/framework/src/Illuminate/Routing/Route.php(243): Illuminate/Routing/CallableDispatcher->dispatch()
#20 C:/Users/NoxxalsGod/Documents/Pemograman Website/pengelolaan-sampah-menumpuk/vendor/laravel/framework/src/Illuminate/Routing/Route.php(214): Illuminate/Routing/Route->runCallable()
#21 C:/Users/NoxxalsGod/Documents/Pemograman Website/pengelolaan-sampah-menumpuk/vendor/laravel/framework/src/Illuminate/Routing/Router.php(822): Illuminate/Routing/Route->run()
#22 C:/Users/NoxxalsGod/Documents/Pemograman Website/pengelolaan-sampah-menumpuk/vendor/laravel/framework/src/Illuminate/Pipeline/Pipeline.php(180): Illuminate/Routing/Router->{closure:Illuminate/Routing/Router::runRouteWithinStack():821}()
#23 C:/Users/NoxxalsGod/Documents/Pemograman Website/pengelolaan-sampah-menumpuk/vendor/laravel/framework/src/Illuminate/Routing/Middleware/SubstituteBindings.php(50): Illuminate/Pipeline/Pipeline->{closure:Illuminate/Pipeline/Pipeline::prepareDestination():178}()
#24 C:/Users/NoxxalsGod/Documents/Pemograman Website/pengelolaan-sampah-menumpuk/vendor/laravel/framework/src/Illuminate/Pipeline/Pipeline.php(219): Illuminate/Routing/Middleware/SubstituteBindings->handle()
#25 C:/Users/NoxxalsGod/Documents/Pemograman Website/pengelolaan-sampah-menumpuk/vendor/laravel/framework/src/Illuminate/Foundation/Http/Middleware/VerifyCsrfToken.php(87): Illuminate/Pipeline/Pipeline->{closure:{closure:Illuminate/Pipeline/Pipeline::carry():194}:195}()
#26 C:/Users/NoxxalsGod/Documents/Pemograman Website/pengelolaan-sampah-menumpuk/vendor/laravel/framework/src/Illuminate/Pipeline/Pipeline.php(219): Illuminate/Foundation/Http/Middleware/VerifyCsrfToken->handle()
#27 C:/Users/NoxxalsGod/Documents/Pemograman Website/pengelolaan-sampah-menumpuk/vendor/laravel/framework/src/Illuminate/View/Middleware/ShareErrorsFromSession.php(48): Illuminate/Pipeline/Pipeline->{closure:{closure:Illuminate/Pipeline/Pipeline::carry():194}:195}()
#28 C:/Users/NoxxalsGod/Documents/Pemograman Website/pengelolaan-sampah-menumpuk/vendor/laravel/framework/src/Illuminate/Pipeline/Pipeline.php(219): Illuminate/View/Middleware/ShareErrorsFromSession->handle()
#29 C:/Users/NoxxalsGod/Documents/Pemograman Website/pengelolaan-sampah-menumpuk/vendor/laravel/framework/src/Illuminate/Session/Middleware/StartSession.php(120): Illuminate/Pipeline/Pipeline->{closure:{closure:Illuminate/Pipeline/Pipeline::carry():194}:195}()
#30 C:/Users/NoxxalsGod/Documents/Pemograman Website/pengelolaan-sampah-menumpuk/vendor/laravel/framework/src/Illuminate/Session/Middleware/StartSession.php(63): Illuminate/Session/Middleware/StartSession->handleStatefulRequest()
#31 C:/Users/NoxxalsGod/Documents/Pemograman Website/pengelolaan-sampah-menumpuk/vendor/laravel/framework/src/Illuminate/Pipeline/Pipeline.php(219): Illuminate/Session/Middleware/StartSession->handle()
#32 C:/Users/NoxxalsGod/Documents/Pemograman Website/pengelolaan-sampah-menumpuk/vendor/laravel/framework/src/Illuminate/Cookie/Middleware/AddQueuedCookiesToResponse.php(36): Illuminate/Pipeline/Pipeline->{closure:{closure:Illuminate/Pipeline/Pipeline::carry():194}:195}()
#33 C:/Users/NoxxalsGod/Documents/Pemograman Website/pengelolaan-sampah-menumpuk/vendor/laravel/framework/src/Illuminate/Pipeline/Pipeline.php(219): Illuminate/Cookie/Middleware/AddQueuedCookiesToResponse->handle()
#34 C:/Users/NoxxalsGod/Documents/Pemograman Website/pengelolaan-sampah-menumpuk/vendor/laravel/framework/src/Illuminate/Cookie/Middleware/EncryptCookies.php(74): Illuminate/Pipeline/Pipeline->{closure:{closure:Illuminate/Pipeline/Pipeline::carry():194}:195}()
#35 C:/Users/NoxxalsGod/Documents/Pemograman Website/pengelolaan-sampah-menumpuk/vendor/laravel/framework/src/Illuminate/Pipeline/Pipeline.php(219): Illuminate/Cookie/Middleware/EncryptCookies->handle()
#36 C:/Users/NoxxalsGod/Documents/Pemograman Website/pengelolaan-sampah-menumpuk/vendor/laravel/framework/src/Illuminate/Pipeline/Pipeline.php(137): Illuminate/Pipeline/Pipeline->{closure:{closure:Illuminate/Pipeline/Pipeline::carry():194}:195}()
#37 C:/Users/NoxxalsGod/Documents/Pemograman Website/pengelolaan-sampah-menumpuk/vendor/laravel/framework/src/Illuminate/Routing/Router.php(821): Illuminate/Pipeline/Pipeline->then()
#38 C:/Users/NoxxalsGod/Documents/Pemograman Website/pengelolaan-sampah-menumpuk/vendor/laravel/framework/src/Illuminate/Routing/Router.php(800): Illuminate/Routing/Router->runRouteWithinStack()
#39 C:/Users/NoxxalsGod/Documents/Pemograman Website/pengelolaan-sampah-menumpuk/vendor/laravel/framework/src/Illuminate/Routing/Router.php(764): Illuminate/Routing/Router->runRoute()
#40 C:/Users/NoxxalsGod/Documents/Pemograman Website/pengelolaan-sampah-menumpuk/vendor/laravel/framework/src/Illuminate/Routing/Router.php(753): Illuminate/Routing/Router->dispatchToRoute()
#41 C:/Users/NoxxalsGod/Documents/Pemograman Website/pengelolaan-sampah-menumpuk/vendor/laravel/framework/src/Illuminate/Foundation/Http/Kernel.php(200): Illuminate/Routing/Router->dispatch()
#42 C:/Users/NoxxalsGod/Documents/Pemograman Website/pengelolaan-sampah-menumpuk/vendor/laravel/framework/src/Illuminate/Pipeline/Pipeline.php(180): Illuminate/Foundation/Http/Kernel->{closure:Illuminate/Foundation/Http/Kernel::dispatchToRouter():197}()
#43 C:/Users/NoxxalsGod/Documents/Pemograman Website/pengelolaan-sampah-menumpuk/vendor/laravel/framework/src/Illuminate/Foundation/Http/Middleware/TransformsRequest.php(21): Illuminate/Pipeline/Pipeline->{closure:Illuminate/Pipeline/Pipeline::prepareDestination():178}()
#44 C:/Users/NoxxalsGod/Documents/Pemograman Website/pengelolaan-sampah-menumpuk/vendor/laravel/framework/src/Illuminate/Foundation/Http/Middleware/ConvertEmptyStringsToNull.php(31): Illuminate/Foundation/Http/Middleware/TransformsRequest->handle()
#45 C:/Users/NoxxalsGod/Documents/Pemograman Website/pengelolaan-sampah-menumpuk/vendor/laravel/framework/src/Illuminate/Pipeline/Pipeline.php(219): Illuminate/Foundation/Http/Middleware/ConvertEmptyStringsToNull->handle()
#46 C:/Users/NoxxalsGod/Documents/Pemograman Website/pengelolaan-sampah-menumpuk/vendor/laravel/framework/src/Illuminate/Foundation/Http/Middleware/TransformsRequest.php(21): Illuminate/Pipeline/Pipeline->{closure:{closure:Illuminate/Pipeline/Pipeline::carry():194}:195}()
#47 C:/Users/NoxxalsGod/Documents/Pemograman Website/pengelolaan-sampah-menumpuk/vendor/laravel/framework/src/Illuminate/Foundation/Http/Middleware/TrimStrings.php(51): Illuminate/Foundation/Http/Middleware/TransformsRequest->handle()
#48 C:/Users/NoxxalsGod/Documents/Pemograman Website/pengelolaan-sampah-menumpuk/vendor/laravel/framework/src/Illuminate/Pipeline/Pipeline.php(219): Illuminate/Foundation/Http/Middleware/TrimStrings->handle()
#49 C:/Users/NoxxalsGod/Documents/Pemograman Website/pengelolaan-sampah-menumpuk/vendor/laravel/framework/src/Illuminate/Http/Middleware/ValidatePostSize.php(27): Illuminate/Pipeline/Pipeline->{closure:{closure:Illuminate/Pipeline/Pipeline::carry():194}:195}()
#50 C:/Users/NoxxalsGod/Documents/Pemograman Website/pengelolaan-sampah-menumpuk/vendor/laravel/framework/src/Illuminate/Pipeline/Pipeline.php(219): Illuminate/Http/Middleware/ValidatePostSize->handle()
#51 C:/Users/NoxxalsGod/Documents/Pemograman Website/pengelolaan-sampah-menumpuk/vendor/laravel/framework/src/Illuminate/Foundation/Http/Middleware/PreventRequestsDuringMaintenance.php(109): Illuminate/Pipeline/Pipeline->{closure:{closure:Illuminate/Pipeline/Pipeline::carry():194}:195}()
#52 C:/Users/NoxxalsGod/Documents/Pemograman Website/pengelolaan-sampah-menumpuk/vendor/laravel/framework/src/Illuminate/Pipeline/Pipeline.php(219): Illuminate/Foundation/Http/Middleware/PreventRequestsDuringMaintenance->handle()
#53 C:/Users/NoxxalsGod/Documents/Pemograman Website/pengelolaan-sampah-menumpuk/vendor/laravel/framework/src/Illuminate/Http/Middleware/HandleCors.php(61): Illuminate/Pipeline/Pipeline->{closure:{closure:Illuminate/Pipeline/Pipeline::carry():194}:195}()
#54 C:/Users/NoxxalsGod/Documents/Pemograman Website/pengelolaan-sampah-menumpuk/vendor/laravel/framework/src/Illuminate/Pipeline/Pipeline.php(219): Illuminate/Http/Middleware/HandleCors->handle()
#55 C:/Users/NoxxalsGod/Documents/Pemograman Website/pengelolaan-sampah-menumpuk/vendor/laravel/framework/src/Illuminate/Http/Middleware/TrustProxies.php(58): Illuminate/Pipeline/Pipeline->{closure:{closure:Illuminate/Pipeline/Pipeline::carry():194}:195}()
#56 C:/Users/NoxxalsGod/Documents/Pemograman Website/pengelolaan-sampah-menumpuk/vendor/laravel/framework/src/Illuminate/Pipeline/Pipeline.php(219): Illuminate/Http/Middleware/TrustProxies->handle()
#57 C:/Users/NoxxalsGod/Documents/Pemograman Website/pengelolaan-sampah-menumpuk/vendor/laravel/framework/src/Illuminate/Pipeline/Pipeline.php(137): Illuminate/Pipeline/Pipeline->{closure:{closure:Illuminate/Pipeline/Pipeline::carry():194}:195}()
#58 C:/Users/NoxxalsGod/Documents/Pemograman Website/pengelolaan-sampah-menumpuk/vendor/laravel/framework/src/Illuminate/Foundation/Http/Kernel.php(175): Illuminate/Pipeline/Pipeline->then()
#59 C:/Users/NoxxalsGod/Documents/Pemograman Website/pengelolaan-sampah-menumpuk/vendor/laravel/framework/src/Illuminate/Foundation/Http/Kernel.php(144): Illuminate/Foundation/Http/Kernel->sendRequestThroughRouter()
#60 C:/Users/NoxxalsGod/Documents/Pemograman Website/pengelolaan-sampah-menumpuk/public/index.php(51): Illuminate/Foundation/Http/Kernel->handle()
#61 C:/Users/NoxxalsGod/Documents/Pemograman Website/pengelolaan-sampah-menumpuk/vendor/laravel/framework/src/Illuminate/Foundation/resources/server.php(23): require_once('...')
#62 {main}

[previous exception] [object] (Illuminate\\View\\ViewException(code: 0): Route [penukaran-sampah] not defined. (View: C:\\Users\\NoxxalsGod\\Documents\\Pemograman Website\\pengelolaan-sampah-menumpuk\\resources\\views\\components\\navbar.blade.php) at C:/Users/NoxxalsGod/Documents/Pemograman Website/pengelolaan-sampah-menumpuk/vendor/laravel/framework/src/Illuminate/Routing/UrlGenerator.php:534)
[stacktrace]
#0 C:/Users/NoxxalsGod/Documents/Pemograman Website/pengelolaan-sampah-menumpuk/vendor/laravel/framework/src/Illuminate/View/Engines/PhpEngine.php(59): Illuminate/View/Engines/CompilerEngine->handleViewException()
#1 C:/Users/NoxxalsGod/Documents/Pemograman Website/pengelolaan-sampah-menumpuk/vendor/laravel/framework/src/Illuminate/View/Engines/CompilerEngine.php(76): Illuminate/View/Engines/PhpEngine->evaluatePath()
#2 C:/Users/NoxxalsGod/Documents/Pemograman Website/pengelolaan-sampah-menumpuk/vendor/laravel/framework/src/Illuminate/View/View.php(208): Illuminate/View/Engines/CompilerEngine->get()
#3 C:/Users/NoxxalsGod/Documents/Pemograman Website/pengelolaan-sampah-menumpuk/vendor/laravel/framework/src/Illuminate/View/View.php(191): Illuminate/View/View->getContents()
#4 C:/Users/NoxxalsGod/Documents/Pemograman Website/pengelolaan-sampah-menumpuk/vendor/laravel/framework/src/Illuminate/View/View.php(160): Illuminate/View/View->renderContents()
#5 C:/Users/NoxxalsGod/Documents/Pemograman Website/pengelolaan-sampah-menumpuk/storage/framework/views/2eb32062eca4b41f7b5b0ed9e6a6d433.php(23): Illuminate/View/View->render()
#6 C:/Users/NoxxalsGod/Documents/Pemograman Website/pengelolaan-sampah-menumpuk/vendor/laravel/framework/src/Illuminate/Filesystem/Filesystem.php(123): require('...')
#7 C:/Users/NoxxalsGod/Documents/Pemograman Website/pengelolaan-sampah-menumpuk/vendor/laravel/framework/src/Illuminate/Filesystem/Filesystem.php(124): Illuminate/Filesystem/Filesystem::{closure:Illuminate/Filesystem/Filesystem::getRequire():120}()
#8 C:/Users/NoxxalsGod/Documents/Pemograman Website/pengelolaan-sampah-menumpuk/vendor/laravel/framework/src/Illuminate/View/Engines/PhpEngine.php(57): Illuminate/Filesystem/Filesystem->getRequire()
#9 C:/Users/NoxxalsGod/Documents/Pemograman Website/pengelolaan-sampah-menumpuk/vendor/laravel/framework/src/Illuminate/View/Engines/CompilerEngine.php(76): Illuminate/View/Engines/PhpEngine->evaluatePath()
#10 C:/Users/NoxxalsGod/Documents/Pemograman Website/pengelolaan-sampah-menumpuk/vendor/laravel/framework/src/Illuminate/View/View.php(208): Illuminate/View/Engines/CompilerEngine->get()
#11 C:/Users/NoxxalsGod/Documents/Pemograman Website/pengelolaan-sampah-menumpuk/vendor/laravel/framework/src/Illuminate/View/View.php(191): Illuminate/View/View->getContents()
#12 C:/Users/NoxxalsGod/Documents/Pemograman Website/pengelolaan-sampah-menumpuk/vendor/laravel/framework/src/Illuminate/View/View.php(160): Illuminate/View/View->renderContents()
#13 C:/Users/NoxxalsGod/Documents/Pemograman Website/pengelolaan-sampah-menumpuk/storage/framework/views/bbc77f0e4414e087e0ed13f3c36bd639.php(18): Illuminate/View/View->render()
#14 C:/Users/NoxxalsGod/Documents/Pemograman Website/pengelolaan-sampah-menumpuk/vendor/laravel/framework/src/Illuminate/Filesystem/Filesystem.php(123): require('...')
#15 C:/Users/NoxxalsGod/Documents/Pemograman Website/pengelolaan-sampah-menumpuk/vendor/laravel/framework/src/Illuminate/Filesystem/Filesystem.php(124): Illuminate/Filesystem/Filesystem::{closure:Illuminate/Filesystem/Filesystem::getRequire():120}()
#16 C:/Users/NoxxalsGod/Documents/Pemograman Website/pengelolaan-sampah-menumpuk/vendor/laravel/framework/src/Illuminate/View/Engines/PhpEngine.php(57): Illuminate/Filesystem/Filesystem->getRequire()
#17 C:/Users/NoxxalsGod/Documents/Pemograman Website/pengelolaan-sampah-menumpuk/vendor/laravel/framework/src/Illuminate/View/Engines/CompilerEngine.php(76): Illuminate/View/Engines/PhpEngine->evaluatePath()
#18 C:/Users/NoxxalsGod/Documents/Pemograman Website/pengelolaan-sampah-menumpuk/vendor/laravel/framework/src/Illuminate/View/View.php(208): Illuminate/View/Engines/CompilerEngine->get()
#19 C:/Users/NoxxalsGod/Documents/Pemograman Website/pengelolaan-sampah-menumpuk/vendor/laravel/framework/src/Illuminate/View/View.php(191): Illuminate/View/View->getContents()
#20 C:/Users/NoxxalsGod/Documents/Pemograman Website/pengelolaan-sampah-menumpuk/vendor/laravel/framework/src/Illuminate/View/View.php(160): Illuminate/View/View->renderContents()
#21 C:/Users/NoxxalsGod/Documents/Pemograman Website/pengelolaan-sampah-menumpuk/vendor/laravel/framework/src/Illuminate/Http/Response.php(78): Illuminate/View/View->render()
#22 C:/Users/NoxxalsGod/Documents/Pemograman Website/pengelolaan-sampah-menumpuk/vendor/laravel/framework/src/Illuminate/Http/Response.php(34): Illuminate/Http/Response->setContent()
#23 C:/Users/NoxxalsGod/Documents/Pemograman Website/pengelolaan-sampah-menumpuk/vendor/laravel/framework/src/Illuminate/Routing/ResponseFactory.php(61): Illuminate/Http/Response->__construct()
#24 C:/Users/NoxxalsGod/Documents/Pemograman Website/pengelolaan-sampah-menumpuk/vendor/laravel/framework/src/Illuminate/Routing/ResponseFactory.php(91): Illuminate/Routing/ResponseFactory->make()
#25 C:/Users/NoxxalsGod/Documents/Pemograman Website/pengelolaan-sampah-menumpuk/routes/web.php(27): Illuminate/Routing/ResponseFactory->view()
#26 C:/Users/NoxxalsGod/Documents/Pemograman Website/pengelolaan-sampah-menumpuk/vendor/laravel/framework/src/Illuminate/Routing/CallableDispatcher.php(39): Illuminate/Routing/RouteFileRegistrar->{closure:C:/Users/NoxxalsGod/Documents/Pemograman Website/pengelolaan-sampah-menumpuk/routes/web.php:26}()
#27 C:/Users/NoxxalsGod/Documents/Pemograman Website/pengelolaan-sampah-menumpuk/vendor/laravel/framework/src/Illuminate/Routing/Route.php(243): Illuminate/Routing/CallableDispatcher->dispatch()
#28 C:/Users/NoxxalsGod/Documents/Pemograman Website/pengelolaan-sampah-menumpuk/vendor/laravel/framework/src/Illuminate/Routing/Route.php(214): Illuminate/Routing/Route->runCallable()
#29 C:/Users/NoxxalsGod/Documents/Pemograman Website/pengelolaan-sampah-menumpuk/vendor/laravel/framework/src/Illuminate/Routing/Router.php(822): Illuminate/Routing/Route->run()
#30 C:/Users/NoxxalsGod/Documents/Pemograman Website/pengelolaan-sampah-menumpuk/vendor/laravel/framework/src/Illuminate/Pipeline/Pipeline.php(180): Illuminate/Routing/Router->{closure:Illuminate/Routing/Router::runRouteWithinStack():821}()
#31 C:/Users/NoxxalsGod/Documents/Pemograman Website/pengelolaan-sampah-menumpuk/vendor/laravel/framework/src/Illuminate/Routing/Middleware/SubstituteBindings.php(50): Illuminate/Pipeline/Pipeline->{closure:Illuminate/Pipeline/Pipeline::prepareDestination():178}()
#32 C:/Users/NoxxalsGod/Documents/Pemograman Website/pengelolaan-sampah-menumpuk/vendor/laravel/framework/src/Illuminate/Pipeline/Pipeline.php(219): Illuminate/Routing/Middleware/SubstituteBindings->handle()
#33 C:/Users/NoxxalsGod/Documents/Pemograman Website/pengelolaan-sampah-menumpuk/vendor/laravel/framework/src/Illuminate/Foundation/Http/Middleware/VerifyCsrfToken.php(87): Illuminate/Pipeline/Pipeline->{closure:{closure:Illuminate/Pipeline/Pipeline::carry():194}:195}()
#34 C:/Users/NoxxalsGod/Documents/Pemograman Website/pengelolaan-sampah-menumpuk/vendor/laravel/framework/src/Illuminate/Pipeline/Pipeline.php(219): Illuminate/Foundation/Http/Middleware/VerifyCsrfToken->handle()
#35 C:/Users/NoxxalsGod/Documents/Pemograman Website/pengelolaan-sampah-menumpuk/vendor/laravel/framework/src/Illuminate/View/Middleware/ShareErrorsFromSession.php(48): Illuminate/Pipeline/Pipeline->{closure:{closure:Illuminate/Pipeline/Pipeline::carry():194}:195}()
#36 C:/Users/NoxxalsGod/Documents/Pemograman Website/pengelolaan-sampah-menumpuk/vendor/laravel/framework/src/Illuminate/Pipeline/Pipeline.php(219): Illuminate/View/Middleware/ShareErrorsFromSession->handle()
#37 C:/Users/NoxxalsGod/Documents/Pemograman Website/pengelolaan-sampah-menumpuk/vendor/laravel/framework/src/Illuminate/Session/Middleware/StartSession.php(120): Illuminate/Pipeline/Pipeline->{closure:{closure:Illuminate/Pipeline/Pipeline::carry():194}:195}()
#38 C:/Users/NoxxalsGod/Documents/Pemograman Website/pengelolaan-sampah-menumpuk/vendor/laravel/framework/src/Illuminate/Session/Middleware/StartSession.php(63): Illuminate/Session/Middleware/StartSession->handleStatefulRequest()
#39 C:/Users/NoxxalsGod/Documents/Pemograman Website/pengelolaan-sampah-menumpuk/vendor/laravel/framework/src/Illuminate/Pipeline/Pipeline.php(219): Illuminate/Session/Middleware/StartSession->handle()
#40 C:/Users/NoxxalsGod/Documents/Pemograman Website/pengelolaan-sampah-menumpuk/vendor/laravel/framework/src/Illuminate/Cookie/Middleware/AddQueuedCookiesToResponse.php(36): Illuminate/Pipeline/Pipeline->{closure:{closure:Illuminate/Pipeline/Pipeline::carry():194}:195}()
#41 C:/Users/NoxxalsGod/Documents/Pemograman Website/pengelolaan-sampah-menumpuk/vendor/laravel/framework/src/Illuminate/Pipeline/Pipeline.php(219): Illuminate/Cookie/Middleware/AddQueuedCookiesToResponse->handle()
#42 C:/Users/NoxxalsGod/Documents/Pemograman Website/pengelolaan-sampah-menumpuk/vendor/laravel/framework/src/Illuminate/Cookie/Middleware/EncryptCookies.php(74): Illuminate/Pipeline/Pipeline->{closure:{closure:Illuminate/Pipeline/Pipeline::carry():194}:195}()
#43 C:/Users/NoxxalsGod/Documents/Pemograman Website/pengelolaan-sampah-menumpuk/vendor/laravel/framework/src/Illuminate/Pipeline/Pipeline.php(219): Illuminate/Cookie/Middleware/EncryptCookies->handle()
#44 C:/Users/NoxxalsGod/Documents/Pemograman Website/pengelolaan-sampah-menumpuk/vendor/laravel/framework/src/Illuminate/Pipeline/Pipeline.php(137): Illuminate/Pipeline/Pipeline->{closure:{closure:Illuminate/Pipeline/Pipeline::carry():194}:195}()
#45 C:/Users/NoxxalsGod/Documents/Pemograman Website/pengelolaan-sampah-menumpuk/vendor/laravel/framework/src/Illuminate/Routing/Router.php(821): Illuminate/Pipeline/Pipeline->then()
#46 C:/Users/NoxxalsGod/Documents/Pemograman Website/pengelolaan-sampah-menumpuk/vendor/laravel/framework/src/Illuminate/Routing/Router.php(800): Illuminate/Routing/Router->runRouteWithinStack()
#47 C:/Users/NoxxalsGod/Documents/Pemograman Website/pengelolaan-sampah-menumpuk/vendor/laravel/framework/src/Illuminate/Routing/Router.php(764): Illuminate/Routing/Router->runRoute()
#48 C:/Users/NoxxalsGod/Documents/Pemograman Website/pengelolaan-sampah-menumpuk/vendor/laravel/framework/src/Illuminate/Routing/Router.php(753): Illuminate/Routing/Router->dispatchToRoute()
#49 C:/Users/NoxxalsGod/Documents/Pemograman Website/pengelolaan-sampah-menumpuk/vendor/laravel/framework/src/Illuminate/Foundation/Http/Kernel.php(200): Illuminate/Routing/Router->dispatch()
#50 C:/Users/NoxxalsGod/Documents/Pemograman Website/pengelolaan-sampah-menumpuk/vendor/laravel/framework/src/Illuminate/Pipeline/Pipeline.php(180): Illuminate/Foundation/Http/Kernel->{closure:Illuminate/Foundation/Http/Kernel::dispatchToRouter():197}()
#51 C:/Users/NoxxalsGod/Documents/Pemograman Website/pengelolaan-sampah-menumpuk/vendor/laravel/framework/src/Illuminate/Foundation/Http/Middleware/TransformsRequest.php(21): Illuminate/Pipeline/Pipeline->{closure:Illuminate/Pipeline/Pipeline::prepareDestination():178}()
#52 C:/Users/NoxxalsGod/Documents/Pemograman Website/pengelolaan-sampah-menumpuk/vendor/laravel/framework/src/Illuminate/Foundation/Http/Middleware/ConvertEmptyStringsToNull.php(31): Illuminate/Foundation/Http/Middleware/TransformsRequest->handle()
#53 C:/Users/NoxxalsGod/Documents/Pemograman Website/pengelolaan-sampah-menumpuk/vendor/laravel/framework/src/Illuminate/Pipeline/Pipeline.php(219): Illuminate/Foundation/Http/Middleware/ConvertEmptyStringsToNull->handle()
#54 C:/Users/NoxxalsGod/Documents/Pemograman Website/pengelolaan-sampah-menumpuk/vendor/laravel/framework/src/Illuminate/Foundation/Http/Middleware/TransformsRequest.php(21): Illuminate/Pipeline/Pipeline->{closure:{closure:Illuminate/Pipeline/Pipeline::carry():194}:195}()
#55 C:/Users/NoxxalsGod/Documents/Pemograman Website/pengelolaan-sampah-menumpuk/vendor/laravel/framework/src/Illuminate/Foundation/Http/Middleware/TrimStrings.php(51): Illuminate/Foundation/Http/Middleware/TransformsRequest->handle()
#56 C:/Users/NoxxalsGod/Documents/Pemograman Website/pengelolaan-sampah-menumpuk/vendor/laravel/framework/src/Illuminate/Pipeline/Pipeline.php(219): Illuminate/Foundation/Http/Middleware/TrimStrings->handle()
#57 C:/Users/NoxxalsGod/Documents/Pemograman Website/pengelolaan-sampah-menumpuk/vendor/laravel/framework/src/Illuminate/Http/Middleware/ValidatePostSize.php(27): Illuminate/Pipeline/Pipeline->{closure:{closure:Illuminate/Pipeline/Pipeline::carry():194}:195}()
#58 C:/Users/NoxxalsGod/Documents/Pemograman Website/pengelolaan-sampah-menumpuk/vendor/laravel/framework/src/Illuminate/Pipeline/Pipeline.php(219): Illuminate/Http/Middleware/ValidatePostSize->handle()
#59 C:/Users/NoxxalsGod/Documents/Pemograman Website/pengelolaan-sampah-menumpuk/vendor/laravel/framework/src/Illuminate/Foundation/Http/Middleware/PreventRequestsDuringMaintenance.php(109): Illuminate/Pipeline/Pipeline->{closure:{closure:Illuminate/Pipeline/Pipeline::carry():194}:195}()
#60 C:/Users/NoxxalsGod/Documents/Pemograman Website/pengelolaan-sampah-menumpuk/vendor/laravel/framework/src/Illuminate/Pipeline/Pipeline.php(219): Illuminate/Foundation/Http/Middleware/PreventRequestsDuringMaintenance->handle()
#61 C:/Users/NoxxalsGod/Documents/Pemograman Website/pengelolaan-sampah-menumpuk/vendor/laravel/framework/src/Illuminate/Http/Middleware/HandleCors.php(61): Illuminate/Pipeline/Pipeline->{closure:{closure:Illuminate/Pipeline/Pipeline::carry():194}:195}()
#62 C:/Users/NoxxalsGod/Documents/Pemograman Website/pengelolaan-sampah-menumpuk/vendor/laravel/framework/src/Illuminate/Pipeline/Pipeline.php(219): Illuminate/Http/Middleware/HandleCors->handle()
#63 C:/Users/NoxxalsGod/Documents/Pemograman Website/pengelolaan-sampah-menumpuk/vendor/laravel/framework/src/Illuminate/Http/Middleware/TrustProxies.php(58): Illuminate/Pipeline/Pipeline->{closure:{closure:Illuminate/Pipeline/Pipeline::carry():194}:195}()
#64 C:/Users/NoxxalsGod/Documents/Pemograman Website/pengelolaan-sampah-menumpuk/vendor/laravel/framework/src/Illuminate/Pipeline/Pipeline.php(219): Illuminate/Http/Middleware/TrustProxies->handle()
#65 C:/Users/NoxxalsGod/Documents/Pemograman Website/pengelolaan-sampah-menumpuk/vendor/laravel/framework/src/Illuminate/Pipeline/Pipeline.php(137): Illuminate/Pipeline/Pipeline->{closure:{closure:Illuminate/Pipeline/Pipeline::carry():194}:195}()
#66 C:/Users/NoxxalsGod/Documents/Pemograman Website/pengelolaan-sampah-menumpuk/vendor/laravel/framework/src/Illuminate/Foundation/Http/Kernel.php(175): Illuminate/Pipeline/Pipeline->then()
#67 C:/Users/NoxxalsGod/Documents/Pemograman Website/pengelolaan-sampah-menumpuk/vendor/laravel/framework/src/Illuminate/Foundation/Http/Kernel.php(144): Illuminate/Foundation/Http/Kernel->sendRequestThroughRouter()
#68 C:/Users/NoxxalsGod/Documents/Pemograman Website/pengelolaan-sampah-menumpuk/public/index.php(51): Illuminate/Foundation/Http/Kernel->handle()
#69 C:/Users/NoxxalsGod/Documents/Pemograman Website/pengelolaan-sampah-menumpuk/vendor/laravel/framework/src/Illuminate/Foundation/resources/server.php(23): require_once('...')
#70 {main}

[previous exception] [object] (Symfony\\Component\\Routing\\Exception\\RouteNotFoundException(code: 0): Route [penukaran-sampah] not defined. at C:/Users/NoxxalsGod/Documents/Pemograman Website/pengelolaan-sampah-menumpuk/vendor/laravel/framework/src/Illuminate/Routing/UrlGenerator.php:534)
[stacktrace]
#0 C:/Users/NoxxalsGod/Documents/Pemograman Website/pengelolaan-sampah-menumpuk/vendor/laravel/framework/src/Illuminate/Foundation/helpers.php(870): Illuminate/Routing/UrlGenerator->route()
#1 C:/Users/NoxxalsGod/Documents/Pemograman Website/pengelolaan-sampah-menumpuk/storage/framework/views/d553b39e4da9efe5863923fb47b741fe.php(22): route()
#2 C:/Users/NoxxalsGod/Documents/Pemograman Website/pengelolaan-sampah-menumpuk/vendor/laravel/framework/src/Illuminate/Filesystem/Filesystem.php(123): require('...')
#3 C:/Users/NoxxalsGod/Documents/Pemograman Website/pengelolaan-sampah-menumpuk/vendor/laravel/framework/src/Illuminate/Filesystem/Filesystem.php(124): Illuminate/Filesystem/Filesystem::{closure:Illuminate/Filesystem/Filesystem::getRequire():120}()
#4 C:/Users/NoxxalsGod/Documents/Pemograman Website/pengelolaan-sampah-menumpuk/vendor/laravel/framework/src/Illuminate/View/Engines/PhpEngine.php(57): Illuminate/Filesystem/Filesystem->getRequire()
#5 C:/Users/NoxxalsGod/Documents/Pemograman Website/pengelolaan-sampah-menumpuk/vendor/laravel/framework/src/Illuminate/View/Engines/CompilerEngine.php(76): Illuminate/View/Engines/PhpEngine->evaluatePath()
#6 C:/Users/NoxxalsGod/Documents/Pemograman Website/pengelolaan-sampah-menumpuk/vendor/laravel/framework/src/Illuminate/View/View.php(208): Illuminate/View/Engines/CompilerEngine->get()
#7 C:/Users/NoxxalsGod/Documents/Pemograman Website/pengelolaan-sampah-menumpuk/vendor/laravel/framework/src/Illuminate/View/View.php(191): Illuminate/View/View->getContents()
#8 C:/Users/NoxxalsGod/Documents/Pemograman Website/pengelolaan-sampah-menumpuk/vendor/laravel/framework/src/Illuminate/View/View.php(160): Illuminate/View/View->renderContents()
#9 C:/Users/NoxxalsGod/Documents/Pemograman Website/pengelolaan-sampah-menumpuk/storage/framework/views/2eb32062eca4b41f7b5b0ed9e6a6d433.php(23): Illuminate/View/View->render()
#10 C:/Users/NoxxalsGod/Documents/Pemograman Website/pengelolaan-sampah-menumpuk/vendor/laravel/framework/src/Illuminate/Filesystem/Filesystem.php(123): require('...')
#11 C:/Users/NoxxalsGod/Documents/Pemograman Website/pengelolaan-sampah-menumpuk/vendor/laravel/framework/src/Illuminate/Filesystem/Filesystem.php(124): Illuminate/Filesystem/Filesystem::{closure:Illuminate/Filesystem/Filesystem::getRequire():120}()
#12 C:/Users/NoxxalsGod/Documents/Pemograman Website/pengelolaan-sampah-menumpuk/vendor/laravel/framework/src/Illuminate/View/Engines/PhpEngine.php(57): Illuminate/Filesystem/Filesystem->getRequire()
#13 C:/Users/NoxxalsGod/Documents/Pemograman Website/pengelolaan-sampah-menumpuk/vendor/laravel/framework/src/Illuminate/View/Engines/CompilerEngine.php(76): Illuminate/View/Engines/PhpEngine->evaluatePath()
#14 C:/Users/NoxxalsGod/Documents/Pemograman Website/pengelolaan-sampah-menumpuk/vendor/laravel/framework/src/Illuminate/View/View.php(208): Illuminate/View/Engines/CompilerEngine->get()
#15 C:/Users/NoxxalsGod/Documents/Pemograman Website/pengelolaan-sampah-menumpuk/vendor/laravel/framework/src/Illuminate/View/View.php(191): Illuminate/View/View->getContents()
#16 C:/Users/NoxxalsGod/Documents/Pemograman Website/pengelolaan-sampah-menumpuk/vendor/laravel/framework/src/Illuminate/View/View.php(160): Illuminate/View/View->renderContents()
#17 C:/Users/NoxxalsGod/Documents/Pemograman Website/pengelolaan-sampah-menumpuk/storage/framework/views/bbc77f0e4414e087e0ed13f3c36bd639.php(18): Illuminate/View/View->render()
#18 C:/Users/NoxxalsGod/Documents/Pemograman Website/pengelolaan-sampah-menumpuk/vendor/laravel/framework/src/Illuminate/Filesystem/Filesystem.php(123): require('...')
#19 C:/Users/NoxxalsGod/Documents/Pemograman Website/pengelolaan-sampah-menumpuk/vendor/laravel/framework/src/Illuminate/Filesystem/Filesystem.php(124): Illuminate/Filesystem/Filesystem::{closure:Illuminate/Filesystem/Filesystem::getRequire():120}()
#20 C:/Users/NoxxalsGod/Documents/Pemograman Website/pengelolaan-sampah-menumpuk/vendor/laravel/framework/src/Illuminate/View/Engines/PhpEngine.php(57): Illuminate/Filesystem/Filesystem->getRequire()
#21 C:/Users/NoxxalsGod/Documents/Pemograman Website/pengelolaan-sampah-menumpuk/vendor/laravel/framework/src/Illuminate/View/Engines/CompilerEngine.php(76): Illuminate/View/Engines/PhpEngine->evaluatePath()
#22 C:/Users/NoxxalsGod/Documents/Pemograman Website/pengelolaan-sampah-menumpuk/vendor/laravel/framework/src/Illuminate/View/View.php(208): Illuminate/View/Engines/CompilerEngine->get()
#23 C:/Users/NoxxalsGod/Documents/Pemograman Website/pengelolaan-sampah-menumpuk/vendor/laravel/framework/src/Illuminate/View/View.php(191): Illuminate/View/View->getContents()
#24 C:/Users/NoxxalsGod/Documents/Pemograman Website/pengelolaan-sampah-menumpuk/vendor/laravel/framework/src/Illuminate/View/View.php(160): Illuminate/View/View->renderContents()
#25 C:/Users/NoxxalsGod/Documents/Pemograman Website/pengelolaan-sampah-menumpuk/vendor/laravel/framework/src/Illuminate/Http/Response.php(78): Illuminate/View/View->render()
#26 C:/Users/NoxxalsGod/Documents/Pemograman Website/pengelolaan-sampah-menumpuk/vendor/laravel/framework/src/Illuminate/Http/Response.php(34): Illuminate/Http/Response->setContent()
#27 C:/Users/NoxxalsGod/Documents/Pemograman Website/pengelolaan-sampah-menumpuk/vendor/laravel/framework/src/Illuminate/Routing/ResponseFactory.php(61): Illuminate/Http/Response->__construct()
#28 C:/Users/NoxxalsGod/Documents/Pemograman Website/pengelolaan-sampah-menumpuk/vendor/laravel/framework/src/Illuminate/Routing/ResponseFactory.php(91): Illuminate/Routing/ResponseFactory->make()
#29 C:/Users/NoxxalsGod/Documents/Pemograman Website/pengelolaan-sampah-menumpuk/routes/web.php(27): Illuminate/Routing/ResponseFactory->view()
#30 C:/Users/NoxxalsGod/Documents/Pemograman Website/pengelolaan-sampah-menumpuk/vendor/laravel/framework/src/Illuminate/Routing/CallableDispatcher.php(39): Illuminate/Routing/RouteFileRegistrar->{closure:C:/Users/NoxxalsGod/Documents/Pemograman Website/pengelolaan-sampah-menumpuk/routes/web.php:26}()
#31 C:/Users/NoxxalsGod/Documents/Pemograman Website/pengelolaan-sampah-menumpuk/vendor/laravel/framework/src/Illuminate/Routing/Route.php(243): Illuminate/Routing/CallableDispatcher->dispatch()
#32 C:/Users/NoxxalsGod/Documents/Pemograman Website/pengelolaan-sampah-menumpuk/vendor/laravel/framework/src/Illuminate/Routing/Route.php(214): Illuminate/Routing/Route->runCallable()
#33 C:/Users/NoxxalsGod/Documents/Pemograman Website/pengelolaan-sampah-menumpuk/vendor/laravel/framework/src/Illuminate/Routing/Router.php(822): Illuminate/Routing/Route->run()
#34 C:/Users/NoxxalsGod/Documents/Pemograman Website/pengelolaan-sampah-menumpuk/vendor/laravel/framework/src/Illuminate/Pipeline/Pipeline.php(180): Illuminate/Routing/Router->{closure:Illuminate/Routing/Router::runRouteWithinStack():821}()
#35 C:/Users/NoxxalsGod/Documents/Pemograman Website/pengelolaan-sampah-menumpuk/vendor/laravel/framework/src/Illuminate/Routing/Middleware/SubstituteBindings.php(50): Illuminate/Pipeline/Pipeline->{closure:Illuminate/Pipeline/Pipeline::prepareDestination():178}()
#36 C:/Users/NoxxalsGod/Documents/Pemograman Website/pengelolaan-sampah-menumpuk/vendor/laravel/framework/src/Illuminate/Pipeline/Pipeline.php(219): Illuminate/Routing/Middleware/SubstituteBindings->handle()
#37 C:/Users/NoxxalsGod/Documents/Pemograman Website/pengelolaan-sampah-menumpuk/vendor/laravel/framework/src/Illuminate/Foundation/Http/Middleware/VerifyCsrfToken.php(87): Illuminate/Pipeline/Pipeline->{closure:{closure:Illuminate/Pipeline/Pipeline::carry():194}:195}()
#38 C:/Users/NoxxalsGod/Documents/Pemograman Website/pengelolaan-sampah-menumpuk/vendor/laravel/framework/src/Illuminate/Pipeline/Pipeline.php(219): Illuminate/Foundation/Http/Middleware/VerifyCsrfToken->handle()
#39 C:/Users/NoxxalsGod/Documents/Pemograman Website/pengelolaan-sampah-menumpuk/vendor/laravel/framework/src/Illuminate/View/Middleware/ShareErrorsFromSession.php(48): Illuminate/Pipeline/Pipeline->{closure:{closure:Illuminate/Pipeline/Pipeline::carry():194}:195}()
#40 C:/Users/NoxxalsGod/Documents/Pemograman Website/pengelolaan-sampah-menumpuk/vendor/laravel/framework/src/Illuminate/Pipeline/Pipeline.php(219): Illuminate/View/Middleware/ShareErrorsFromSession->handle()
#41 C:/Users/NoxxalsGod/Documents/Pemograman Website/pengelolaan-sampah-menumpuk/vendor/laravel/framework/src/Illuminate/Session/Middleware/StartSession.php(120): Illuminate/Pipeline/Pipeline->{closure:{closure:Illuminate/Pipeline/Pipeline::carry():194}:195}()
#42 C:/Users/NoxxalsGod/Documents/Pemograman Website/pengelolaan-sampah-menumpuk/vendor/laravel/framework/src/Illuminate/Session/Middleware/StartSession.php(63): Illuminate/Session/Middleware/StartSession->handleStatefulRequest()
#43 C:/Users/NoxxalsGod/Documents/Pemograman Website/pengelolaan-sampah-menumpuk/vendor/laravel/framework/src/Illuminate/Pipeline/Pipeline.php(219): Illuminate/Session/Middleware/StartSession->handle()
#44 C:/Users/NoxxalsGod/Documents/Pemograman Website/pengelolaan-sampah-menumpuk/vendor/laravel/framework/src/Illuminate/Cookie/Middleware/AddQueuedCookiesToResponse.php(36): Illuminate/Pipeline/Pipeline->{closure:{closure:Illuminate/Pipeline/Pipeline::carry():194}:195}()
#45 C:/Users/NoxxalsGod/Documents/Pemograman Website/pengelolaan-sampah-menumpuk/vendor/laravel/framework/src/Illuminate/Pipeline/Pipeline.php(219): Illuminate/Cookie/Middleware/AddQueuedCookiesToResponse->handle()
#46 C:/Users/NoxxalsGod/Documents/Pemograman Website/pengelolaan-sampah-menumpuk/vendor/laravel/framework/src/Illuminate/Cookie/Middleware/EncryptCookies.php(74): Illuminate/Pipeline/Pipeline->{closure:{closure:Illuminate/Pipeline/Pipeline::carry():194}:195}()
#47 C:/Users/NoxxalsGod/Documents/Pemograman Website/pengelolaan-sampah-menumpuk/vendor/laravel/framework/src/Illuminate/Pipeline/Pipeline.php(219): Illuminate/Cookie/Middleware/EncryptCookies->handle()
#48 C:/Users/NoxxalsGod/Documents/Pemograman Website/pengelolaan-sampah-menumpuk/vendor/laravel/framework/src/Illuminate/Pipeline/Pipeline.php(137): Illuminate/Pipeline/Pipeline->{closure:{closure:Illuminate/Pipeline/Pipeline::carry():194}:195}()
#49 C:/Users/NoxxalsGod/Documents/Pemograman Website/pengelolaan-sampah-menumpuk/vendor/laravel/framework/src/Illuminate/Routing/Router.php(821): Illuminate/Pipeline/Pipeline->then()
#50 C:/Users/NoxxalsGod/Documents/Pemograman Website/pengelolaan-sampah-menumpuk/vendor/laravel/framework/src/Illuminate/Routing/Router.php(800): Illuminate/Routing/Router->runRouteWithinStack()
#51 C:/Users/NoxxalsGod/Documents/Pemograman Website/pengelolaan-sampah-menumpuk/vendor/laravel/framework/src/Illuminate/Routing/Router.php(764): Illuminate/Routing/Router->runRoute()
#52 C:/Users/NoxxalsGod/Documents/Pemograman Website/pengelolaan-sampah-menumpuk/vendor/laravel/framework/src/Illuminate/Routing/Router.php(753): Illuminate/Routing/Router->dispatchToRoute()
#53 C:/Users/NoxxalsGod/Documents/Pemograman Website/pengelolaan-sampah-menumpuk/vendor/laravel/framework/src/Illuminate/Foundation/Http/Kernel.php(200): Illuminate/Routing/Router->dispatch()
#54 C:/Users/NoxxalsGod/Documents/Pemograman Website/pengelolaan-sampah-menumpuk/vendor/laravel/framework/src/Illuminate/Pipeline/Pipeline.php(180): Illuminate/Foundation/Http/Kernel->{closure:Illuminate/Foundation/Http/Kernel::dispatchToRouter():197}()
#55 C:/Users/NoxxalsGod/Documents/Pemograman Website/pengelolaan-sampah-menumpuk/vendor/laravel/framework/src/Illuminate/Foundation/Http/Middleware/TransformsRequest.php(21): Illuminate/Pipeline/Pipeline->{closure:Illuminate/Pipeline/Pipeline::prepareDestination():178}()
#56 C:/Users/NoxxalsGod/Documents/Pemograman Website/pengelolaan-sampah-menumpuk/vendor/laravel/framework/src/Illuminate/Foundation/Http/Middleware/ConvertEmptyStringsToNull.php(31): Illuminate/Foundation/Http/Middleware/TransformsRequest->handle()
#57 C:/Users/NoxxalsGod/Documents/Pemograman Website/pengelolaan-sampah-menumpuk/vendor/laravel/framework/src/Illuminate/Pipeline/Pipeline.php(219): Illuminate/Foundation/Http/Middleware/ConvertEmptyStringsToNull->handle()
#58 C:/Users/NoxxalsGod/Documents/Pemograman Website/pengelolaan-sampah-menumpuk/vendor/laravel/framework/src/Illuminate/Foundation/Http/Middleware/TransformsRequest.php(21): Illuminate/Pipeline/Pipeline->{closure:{closure:Illuminate/Pipeline/Pipeline::carry():194}:195}()
#59 C:/Users/NoxxalsGod/Documents/Pemograman Website/pengelolaan-sampah-menumpuk/vendor/laravel/framework/src/Illuminate/Foundation/Http/Middleware/TrimStrings.php(51): Illuminate/Foundation/Http/Middleware/TransformsRequest->handle()
#60 C:/Users/NoxxalsGod/Documents/Pemograman Website/pengelolaan-sampah-menumpuk/vendor/laravel/framework/src/Illuminate/Pipeline/Pipeline.php(219): Illuminate/Foundation/Http/Middleware/TrimStrings->handle()
#61 C:/Users/NoxxalsGod/Documents/Pemograman Website/pengelolaan-sampah-menumpuk/vendor/laravel/framework/src/Illuminate/Http/Middleware/ValidatePostSize.php(27): Illuminate/Pipeline/Pipeline->{closure:{closure:Illuminate/Pipeline/Pipeline::carry():194}:195}()
#62 C:/Users/NoxxalsGod/Documents/Pemograman Website/pengelolaan-sampah-menumpuk/vendor/laravel/framework/src/Illuminate/Pipeline/Pipeline.php(219): Illuminate/Http/Middleware/ValidatePostSize->handle()
#63 C:/Users/NoxxalsGod/Documents/Pemograman Website/pengelolaan-sampah-menumpuk/vendor/laravel/framework/src/Illuminate/Foundation/Http/Middleware/PreventRequestsDuringMaintenance.php(109): Illuminate/Pipeline/Pipeline->{closure:{closure:Illuminate/Pipeline/Pipeline::carry():194}:195}()
#64 C:/Users/NoxxalsGod/Documents/Pemograman Website/pengelolaan-sampah-menumpuk/vendor/laravel/framework/src/Illuminate/Pipeline/Pipeline.php(219): Illuminate/Foundation/Http/Middleware/PreventRequestsDuringMaintenance->handle()
#65 C:/Users/NoxxalsGod/Documents/Pemograman Website/pengelolaan-sampah-menumpuk/vendor/laravel/framework/src/Illuminate/Http/Middleware/HandleCors.php(61): Illuminate/Pipeline/Pipeline->{closure:{closure:Illuminate/Pipeline/Pipeline::carry():194}:195}()
#66 C:/Users/NoxxalsGod/Documents/Pemograman Website/pengelolaan-sampah-menumpuk/vendor/laravel/framework/src/Illuminate/Pipeline/Pipeline.php(219): Illuminate/Http/Middleware/HandleCors->handle()
#67 C:/Users/NoxxalsGod/Documents/Pemograman Website/pengelolaan-sampah-menumpuk/vendor/laravel/framework/src/Illuminate/Http/Middleware/TrustProxies.php(58): Illuminate/Pipeline/Pipeline->{closure:{closure:Illuminate/Pipeline/Pipeline::carry():194}:195}()
#68 C:/Users/NoxxalsGod/Documents/Pemograman Website/pengelolaan-sampah-menumpuk/vendor/laravel/framework/src/Illuminate/Pipeline/Pipeline.php(219): Illuminate/Http/Middleware/TrustProxies->handle()
#69 C:/Users/NoxxalsGod/Documents/Pemograman Website/pengelolaan-sampah-menumpuk/vendor/laravel/framework/src/Illuminate/Pipeline/Pipeline.php(137): Illuminate/Pipeline/Pipeline->{closure:{closure:Illuminate/Pipeline/Pipeline::carry():194}:195}()
#70 C:/Users/NoxxalsGod/Documents/Pemograman Website/pengelolaan-sampah-menumpuk/vendor/laravel/framework/src/Illuminate/Foundation/Http/Kernel.php(175): Illuminate/Pipeline/Pipeline->then()
#71 C:/Users/NoxxalsGod/Documents/Pemograman Website/pengelolaan-sampah-menumpuk/vendor/laravel/framework/src/Illuminate/Foundation/Http/Kernel.php(144): Illuminate/Foundation/Http/Kernel->sendRequestThroughRouter()
#72 C:/Users/NoxxalsGod/Documents/Pemograman Website/pengelolaan-sampah-menumpuk/public/index.php(51): Illuminate/Foundation/Http/Kernel->handle()
#73 C:/Users/NoxxalsGod/Documents/Pemograman Website/pengelolaan-sampah-menumpuk/vendor/laravel/framework/src/Illuminate/Foundation/resources/server.php(23): require_once('...')
#74 {main}
"} 
